Full NRIC,Event Title,Event Start Date,Event End Date,Event Description,Programme Organizer/Agency-in-charge,Partners (co-organisers),Event Type,Areas of Interest for the event,Role of Youth in Programme,Attendance,Brief Notes on Youth Leader,Additional Notes
S9267291S,Singapore Youth Festival 2025,2024-04-26,2024-04-26,Annual singapore youth festival 2025 bringing together youth leaders from across Singapore.,National Youth Council (NYC),Ministry of Education (MOE),Competition,Volunteerism,Organizer,Attended,Jun Wei Teo actively participated in the event.,
S8258851M,Singapore Youth Festival 2025,2024-04-26,2024-04-26,Annual singapore youth festival 2025 bringing together youth leaders from across Singapore.,National Youth Council (NYC),"Ministry of Culture, Community and Youth (MCCY)",Community Service,Youth Mental Health,Participant,No-Show,Ethan Chen actively participated in the event.,
S8225169B,Singapore Youth Festival 2025,2024-04-26,2024-04-26,Annual singapore youth festival 2025 bringing together youth leaders from across Singapore.,National Youth Council (NYC),Ministry of Social and Family Development (MSF),Workshop,Sustainability,Panelist,Attended,Rachel Zhang actively participated in the event.,
T8116112L,Singapore Youth Festival 2025,2024-04-26,2024-04-26,Annual singapore youth festival 2025 bringing together youth leaders from across Singapore.,National Youth Council (NYC),"Ministry of Culture, Community and Youth (MCCY)",Conference,Youth Mental Health,Speaker,Attended,Ananya Wong actively participated in the event.,
T3390232K,Singapore Youth Festival 2025,2024-04-26,2024-04-26,Annual singapore youth festival 2025 bringing together youth leaders from across Singapore.,National Youth Council (NYC),People's Association (PA),Competition,Interfaith Dialogue,Panelist,No-Show,Ethan Lee actively participated in the event.,
T2217720Q,Singapore Youth Festival 2025,2024-04-26,2024-04-26,Annual singapore youth festival 2025 bringing together youth leaders from across Singapore.,National Youth Council (NYC),People's Association (PA),Conference,Sustainability,Organizer,Attended,Marcus Abdullah actively participated in the event.,
S0251270U,Singapore Youth Festival 2025,2024-04-26,2024-04-26,Annual singapore youth festival 2025 bringing together youth leaders from across Singapore.,National Youth Council (NYC),National Youth Council (NYC),Workshop,Social Entrepreneurship,Panelist,Attended,Muhammad Nair actively participated in the event.,
S0160292F,Singapore Youth Festival 2025,2024-04-26,2024-04-26,Annual singapore youth festival 2025 bringing together youth leaders from across Singapore.,National Youth Council (NYC),Ministry of Social and Family Development (MSF),Dialogue,Community Service,Volunteer,No-Show,Michelle Lee actively participated in the event.,
S5426158Y,Singapore Youth Festival 2025,2024-04-26,2024-04-26,Annual singapore youth festival 2025 bringing together youth leaders from across Singapore.,National Youth Council (NYC),Ministry of Social and Family Development (MSF),Conference,Youth Mental Health,Organizer,Attended,Hui Min Goh actively participated in the event.,
T9336533F,Singapore Youth Festival 2025,2024-04-26,2024-04-26,Annual singapore youth festival 2025 bringing together youth leaders from across Singapore.,National Youth Council (NYC),Ministry of Social and Family Development (MSF),Conference,Social Entrepreneurship,Participant,Attended,Nurul Teo actively participated in the event.,
S7843677L,Singapore Youth Festival 2025,2024-04-26,2024-04-26,Annual singapore youth festival 2025 bringing together youth leaders from across Singapore.,National Youth Council (NYC),Ministry of Social and Family Development (MSF),Competition,Arts & Culture,Participant,Attended,Daniel Chen actively participated in the event.,
S0940031Y,Singapore Youth Festival 2025,2024-04-26,2024-04-26,Annual singapore youth festival 2025 bringing together youth leaders from across Singapore.,National Youth Council (NYC),Ministry of Education (MOE),Dialogue,Social Entrepreneurship,Speaker,Attended,Yi Xuan Ibrahim actively participated in the event.,
S6570727U,Singapore Youth Festival 2025,2024-04-26,2024-04-26,Annual singapore youth festival 2025 bringing together youth leaders from across Singapore.,National Youth Council (NYC),Ministry of Social and Family Development (MSF),Dialogue,Sustainability,Volunteer,Attended,Arjun Zhang actively participated in the event.,
T4721110R,Singapore Youth Festival 2025,2024-04-26,2024-04-26,Annual singapore youth festival 2025 bringing together youth leaders from across Singapore.,National Youth Council (NYC),Ministry of Education (MOE),Dialogue,Innovation & Technology,Volunteer,Attended,Joshua Ong actively participated in the event.,
S1685270Q,Singapore Youth Festival 2025,2024-04-26,2024-04-26,Annual singapore youth festival 2025 bringing together youth leaders from across Singapore.,National Youth Council (NYC),Ministry of Social and Family Development (MSF),Workshop,Racial Harmony,Participant,Attended,Daniel Liu actively participated in the event.,
S3227308T,Singapore Youth Festival 2025,2024-04-26,2024-04-26,Annual singapore youth festival 2025 bringing together youth leaders from across Singapore.,National Youth Council (NYC),Ministry of Social and Family Development (MSF),Conference,Interfaith Dialogue,Panelist,No-Show,Chloe Liu actively participated in the event.,
T0176332Q,Singapore Youth Festival 2025,2024-04-26,2024-04-26,Annual singapore youth festival 2025 bringing together youth leaders from across Singapore.,National Youth Council (NYC),Ministry of Education (MOE),Workshop,Civic Participation,Volunteer,Attended,Joshua Goh actively participated in the event.,
S8921016G,National Day Parade Youth Contingent,2024-11-15,2024-11-15,Annual national day parade youth contingent bringing together youth leaders from across Singapore.,Ministry of Education (MOE),Ministry of Social and Family Development (MSF),Conference,Sustainability,Organizer,Attended,Ethan Singh actively participated in the event.,
S5113955X,National Day Parade Youth Contingent,2024-11-15,2024-11-15,Annual national day parade youth contingent bringing together youth leaders from across Singapore.,Ministry of Education (MOE),Ministry of Social and Family Development (MSF),Dialogue,Innovation & Technology,Panelist,Attended,Michelle Abdullah actively participated in the event.,
T9848092Y,National Day Parade Youth Contingent,2024-11-15,2024-11-15,Annual national day parade youth contingent bringing together youth leaders from across Singapore.,Ministry of Education (MOE),People's Association (PA),Competition,Sports & Wellness,Organizer,Attended,Michelle Liu actively participated in the event.,
S3096082G,National Day Parade Youth Contingent,2024-11-15,2024-11-15,Annual national day parade youth contingent bringing together youth leaders from across Singapore.,Ministry of Education (MOE),National Youth Council (NYC),Conference,Youth Mental Health,Organizer,Attended,Sarah Liu actively participated in the event.,
S2315266T,National Day Parade Youth Contingent,2024-11-15,2024-11-15,Annual national day parade youth contingent bringing together youth leaders from across Singapore.,Ministry of Education (MOE),National Youth Council (NYC),Conference,Digital Literacy,Panelist,Attended,Siti Chen actively participated in the event.,
S1300258Z,National Day Parade Youth Contingent,2024-11-15,2024-11-15,Annual national day parade youth contingent bringing together youth leaders from across Singapore.,Ministry of Education (MOE),National Youth Council (NYC),Workshop,Interfaith Dialogue,Panelist,Attended,Ravi Nair actively participated in the event.,
T1277555X,National Day Parade Youth Contingent,2024-11-15,2024-11-15,Annual national day parade youth contingent bringing together youth leaders from across Singapore.,Ministry of Education (MOE),People's Association (PA),Competition,Youth Mental Health,Panelist,Attended,Brandon Ong actively participated in the event.,
T9930891X,Youth Corps Leaders Programme,2026-11-25,2026-11-25,Annual youth corps leaders programme bringing together youth leaders from across Singapore.,People's Association (PA),Ministry of Social and Family Development (MSF),Dialogue,Social Entrepreneurship,Participant,Attended,Jasmine Goh actively participated in the event.,
S8255408U,Youth Corps Leaders Programme,2026-11-25,2026-11-25,Annual youth corps leaders programme bringing together youth leaders from across Singapore.,People's Association (PA),"Ministry of Culture, Community and Youth (MCCY)",Conference,Climate Action,Volunteer,No-Show,Ethan Chen actively participated in the event.,
S7643307S,Youth Corps Leaders Programme,2026-11-25,2026-11-25,Annual youth corps leaders programme bringing together youth leaders from across Singapore.,People's Association (PA),"Ministry of Culture, Community and Youth (MCCY)",Dialogue,Volunteerism,Participant,Attended,Wei Jie Nair actively participated in the event.,
T3288196B,Youth Corps Leaders Programme,2026-11-25,2026-11-25,Annual youth corps leaders programme bringing together youth leaders from across Singapore.,People's Association (PA),National Youth Council (NYC),Dialogue,Climate Action,Organizer,Attended,Ravi Tan actively participated in the event.,
T3252410D,Youth Corps Leaders Programme,2026-11-25,2026-11-25,Annual youth corps leaders programme bringing together youth leaders from across Singapore.,People's Association (PA),Ministry of Education (MOE),Workshop,Youth Mental Health,Panelist,No-Show,Brandon Koh actively participated in the event.,
T4609067F,Youth Corps Leaders Programme,2026-11-25,2026-11-25,Annual youth corps leaders programme bringing together youth leaders from across Singapore.,People's Association (PA),National Youth Council (NYC),Workshop,Social Entrepreneurship,Organizer,Attended,Rachel Tan actively participated in the event.,
S3132960R,Youth Corps Leaders Programme,2026-11-25,2026-11-25,Annual youth corps leaders programme bringing together youth leaders from across Singapore.,People's Association (PA),"Ministry of Culture, Community and Youth (MCCY)",Competition,Sustainability,Panelist,Attended,Ananya Liu actively participated in the event.,
S8255353K,Youth Corps Leaders Programme,2026-11-25,2026-11-25,Annual youth corps leaders programme bringing together youth leaders from across Singapore.,People's Association (PA),Ministry of Social and Family Development (MSF),Conference,Arts & Culture,Panelist,No-Show,Kai Wen Chen actively participated in the event.,
S2876027R,Youth Corps Leaders Programme,2026-11-25,2026-11-25,Annual youth corps leaders programme bringing together youth leaders from across Singapore.,People's Association (PA),Ministry of Social and Family Development (MSF),Workshop,Digital Literacy,Organizer,Attended,Michelle Koh actively participated in the event.,
S5542586A,Youth Corps Leaders Programme,2026-11-25,2026-11-25,Annual youth corps leaders programme bringing together youth leaders from across Singapore.,People's Association (PA),Ministry of Social and Family Development (MSF),Workshop,Interfaith Dialogue,Volunteer,No-Show,Hui Min Teo actively participated in the event.,
S5426158Y,Youth Corps Leaders Programme,2026-11-25,2026-11-25,Annual youth corps leaders programme bringing together youth leaders from across Singapore.,People's Association (PA),"Ministry of Culture, Community and Youth (MCCY)",Competition,Climate Action,Panelist,Attended,Hui Min Goh actively participated in the event.,
S3680360R,Youth Corps Leaders Programme,2026-11-25,2026-11-25,Annual youth corps leaders programme bringing together youth leaders from across Singapore.,People's Association (PA),People's Association (PA),Conference,Sports & Wellness,Volunteer,No-Show,Kai Wen Teo actively participated in the event.,
S3005603K,Youth Corps Leaders Programme,2026-11-25,2026-11-25,Annual youth corps leaders programme bringing together youth leaders from across Singapore.,People's Association (PA),"Ministry of Culture, Community and Youth (MCCY)",Competition,Racial Harmony,Participant,No-Show,Ravi Tan actively participated in the event.,
S0080568Z,Youth Corps Leaders Programme,2026-11-25,2026-11-25,Annual youth corps leaders programme bringing together youth leaders from across Singapore.,People's Association (PA),"Ministry of Culture, Community and Youth (MCCY)",Competition,Heritage Conservation,Volunteer,Attended,Zhi Hao Chua actively participated in the event.,
S6983368S,Youth Corps Leaders Programme,2026-11-25,2026-11-25,Annual youth corps leaders programme bringing together youth leaders from across Singapore.,People's Association (PA),"Ministry of Culture, Community and Youth (MCCY)",Conference,Racial Harmony,Participant,Attended,Chloe Goh actively participated in the event.,
S7510491C,Youth Corps Leaders Programme,2026-11-25,2026-11-25,Annual youth corps leaders programme bringing together youth leaders from across Singapore.,People's Association (PA),Ministry of Social and Family Development (MSF),Community Service,Arts & Culture,Volunteer,Attended,Ravi Kumar actively participated in the event.,
S9267291S,ASEAN Youth Summit 2025,2025-03-14,2025-03-14,Annual asean youth summit 2025 bringing together youth leaders from across Singapore.,Ministry of Education (MOE),"Ministry of Culture, Community and Youth (MCCY)",Conference,Civic Participation,Organizer,No-Show,Jun Wei Teo actively participated in the event.,
T9336533F,ASEAN Youth Summit 2025,2025-03-14,2025-03-14,Annual asean youth summit 2025 bringing together youth leaders from across Singapore.,Ministry of Education (MOE),Ministry of Social and Family Development (MSF),Competition,Arts & Culture,Volunteer,No-Show,Nurul Teo actively participated in the event.,
S7621426J,ASEAN Youth Summit 2025,2025-03-14,2025-03-14,Annual asean youth summit 2025 bringing together youth leaders from across Singapore.,Ministry of Education (MOE),People's Association (PA),Conference,Climate Action,Participant,Attended,Ethan Lee actively participated in the event.,
S6804364Y,ASEAN Youth Summit 2025,2025-03-14,2025-03-14,Annual asean youth summit 2025 bringing together youth leaders from across Singapore.,Ministry of Education (MOE),People's Association (PA),Competition,Civic Participation,Volunteer,No-Show,Muhammad Chen actively participated in the event.,
S4864234L,ASEAN Youth Summit 2025,2025-03-14,2025-03-14,Annual asean youth summit 2025 bringing together youth leaders from across Singapore.,Ministry of Education (MOE),"Ministry of Culture, Community and Youth (MCCY)",Competition,Racial Harmony,Volunteer,Attended,Chloe Chen actively participated in the event.,
T8334406M,ASEAN Youth Summit 2025,2025-03-14,2025-03-14,Annual asean youth summit 2025 bringing together youth leaders from across Singapore.,Ministry of Education (MOE),Ministry of Education (MOE),Competition,Innovation & Technology,Panelist,Attended,Xin Yi Goh actively participated in the event.,
S3981762C,ASEAN Youth Summit 2025,2025-03-14,2025-03-14,Annual asean youth summit 2025 bringing together youth leaders from across Singapore.,Ministry of Education (MOE),National Youth Council (NYC),Conference,Climate Action,Panelist,Attended,Jun Wei Ong actively participated in the event.,
T5478684R,Green Plan Youth Dialogue,2024-04-05,2024-04-05,Annual green plan youth dialogue bringing together youth leaders from across Singapore.,People's Association (PA),Ministry of Education (MOE),Workshop,Interfaith Dialogue,Participant,Attended,Sarah Ng actively participated in the event.,
S9033896C,Green Plan Youth Dialogue,2024-04-05,2024-04-05,Annual green plan youth dialogue bringing together youth leaders from across Singapore.,People's Association (PA),People's Association (PA),Dialogue,Racial Harmony,Organizer,Attended,Jia Ying Singh actively participated in the event.,
S5542586A,Green Plan Youth Dialogue,2024-04-05,2024-04-05,Annual green plan youth dialogue bringing together youth leaders from across Singapore.,People's Association (PA),Ministry of Social and Family Development (MSF),Workshop,Climate Action,Organizer,Attended,Hui Min Teo actively participated in the event.,
T9336533F,Green Plan Youth Dialogue,2024-04-05,2024-04-05,Annual green plan youth dialogue bringing together youth leaders from across Singapore.,People's Association (PA),National Youth Council (NYC),Workshop,Social Entrepreneurship,Speaker,Attended,Nurul Teo actively participated in the event.,
S1300258Z,Green Plan Youth Dialogue,2024-04-05,2024-04-05,Annual green plan youth dialogue bringing together youth leaders from across Singapore.,People's Association (PA),People's Association (PA),Competition,Digital Literacy,Speaker,Attended,Ravi Nair actively participated in the event.,
S6542992Y,Green Plan Youth Dialogue,2024-04-05,2024-04-05,Annual green plan youth dialogue bringing together youth leaders from across Singapore.,People's Association (PA),People's Association (PA),Dialogue,Climate Action,Panelist,Attended,Yi Xuan Liu actively participated in the event.,
S0251270U,Youth Action Challenge,2026-09-11,2026-09-11,Annual youth action challenge bringing together youth leaders from across Singapore.,Ministry of Education (MOE),Ministry of Education (MOE),Competition,Racial Harmony,Panelist,No-Show,Muhammad Nair actively participated in the event.,
S3957893H,Youth Action Challenge,2026-09-11,2026-09-11,Annual youth action challenge bringing together youth leaders from across Singapore.,Ministry of Education (MOE),Ministry of Social and Family Development (MSF),Competition,Youth Mental Health,Panelist,Attended,Chloe Zhang actively participated in the event.,
S5747180K,Youth Action Challenge,2026-09-11,2026-09-11,Annual youth action challenge bringing together youth leaders from across Singapore.,Ministry of Education (MOE),Ministry of Education (MOE),Competition,Digital Literacy,Speaker,No-Show,Ahmad Kumar actively participated in the event.,
S2372311Z,Youth Action Challenge,2026-09-11,2026-09-11,Annual youth action challenge bringing together youth leaders from across Singapore.,Ministry of Education (MOE),Ministry of Education (MOE),Competition,Volunteerism,Panelist,No-Show,Wei Jie Chua actively participated in the event.,
S8617354P,Youth Action Challenge,2026-09-11,2026-09-11,Annual youth action challenge bringing together youth leaders from across Singapore.,Ministry of Education (MOE),"Ministry of Culture, Community and Youth (MCCY)",Competition,Climate Action,Participant,Attended,Chloe Goh actively participated in the event.,
S1464695K,Youth Action Challenge,2026-09-11,2026-09-11,Annual youth action challenge bringing together youth leaders from across Singapore.,Ministry of Education (MOE),People's Association (PA),Conference,Heritage Conservation,Volunteer,No-Show,Ananya Zhang actively participated in the event.,
S9765144M,Youth Action Challenge,2026-09-11,2026-09-11,Annual youth action challenge bringing together youth leaders from across Singapore.,Ministry of Education (MOE),Ministry of Social and Family Development (MSF),Dialogue,Interfaith Dialogue,Panelist,No-Show,Muhammad Koh actively participated in the event.,
T3288196B,Youth Action Challenge,2026-09-11,2026-09-11,Annual youth action challenge bringing together youth leaders from across Singapore.,Ministry of Education (MOE),Ministry of Social and Family Development (MSF),Workshop,Arts & Culture,Organizer,Attended,Ravi Tan actively participated in the event.,
S6983368S,Youth Action Challenge,2026-09-11,2026-09-11,Annual youth action challenge bringing together youth leaders from across Singapore.,Ministry of Education (MOE),Ministry of Social and Family Development (MSF),Dialogue,Arts & Culture,Volunteer,Attended,Chloe Goh actively participated in the event.,
S3132960R,Youth Action Challenge,2026-09-11,2026-09-11,Annual youth action challenge bringing together youth leaders from across Singapore.,Ministry of Education (MOE),Ministry of Education (MOE),Workshop,Interfaith Dialogue,Volunteer,Attended,Ananya Liu actively participated in the event.,
S8408703U,Youth Action Challenge,2026-09-11,2026-09-11,Annual youth action challenge bringing together youth leaders from across Singapore.,Ministry of Education (MOE),People's Association (PA),Competition,Civic Participation,Participant,Attended,Grace Liu actively participated in the event.,
S9834086Z,Youth Action Challenge,2026-09-11,2026-09-11,Annual youth action challenge bringing together youth leaders from across Singapore.,Ministry of Education (MOE),National Youth Council (NYC),Conference,Civic Participation,Panelist,No-Show,Marcus Ong actively participated in the event.,
T8473932W,Youth Action Challenge,2026-09-11,2026-09-11,Annual youth action challenge bringing together youth leaders from across Singapore.,Ministry of Education (MOE),People's Association (PA),Workshop,Interfaith Dialogue,Volunteer,Attended,Ethan Ng actively participated in the event.,
S9482626C,SG Youth Model UN,2024-06-26,2024-06-26,Annual sg youth model un bringing together youth leaders from across Singapore.,Ministry of Social and Family Development (MSF),People's Association (PA),Conference,Sports & Wellness,Organizer,No-Show,Daniel Abdullah actively participated in the event.,
S8479933T,SG Youth Model UN,2024-06-26,2024-06-26,Annual sg youth model un bringing together youth leaders from across Singapore.,Ministry of Social and Family Development (MSF),"Ministry of Culture, Community and Youth (MCCY)",Workshop,Social Entrepreneurship,Speaker,Attended,Natalie Goh actively participated in the event.,
S6530754W,SG Youth Model UN,2024-06-26,2024-06-26,Annual sg youth model un bringing together youth leaders from across Singapore.,Ministry of Social and Family Development (MSF),People's Association (PA),Conference,Heritage Conservation,Organizer,Attended,Natalie Koh actively participated in the event.,
S7510491C,SG Youth Model UN,2024-06-26,2024-06-26,Annual sg youth model un bringing together youth leaders from across Singapore.,Ministry of Social and Family Development (MSF),National Youth Council (NYC),Community Service,Interfaith Dialogue,Volunteer,Attended,Ravi Kumar actively participated in the event.,
S5455349C,SG Youth Model UN,2024-06-26,2024-06-26,Annual sg youth model un bringing together youth leaders from across Singapore.,Ministry of Social and Family Development (MSF),Ministry of Education (MOE),Dialogue,Youth Mental Health,Speaker,Attended,Natalie Ng actively participated in the event.,
T3252410D,SG Youth Model UN,2024-06-26,2024-06-26,Annual sg youth model un bringing together youth leaders from across Singapore.,Ministry of Social and Family Development (MSF),Ministry of Education (MOE),Competition,Racial Harmony,Speaker,Attended,Brandon Koh actively participated in the event.,
S8258851M,SG Youth Model UN,2024-06-26,2024-06-26,Annual sg youth model un bringing together youth leaders from across Singapore.,Ministry of Social and Family Development (MSF),People's Association (PA),Community Service,Digital Literacy,Volunteer,Attended,Ethan Chen actively participated in the event.,
T3947639M,SG Youth Model UN,2024-06-26,2024-06-26,Annual sg youth model un bringing together youth leaders from across Singapore.,Ministry of Social and Family Development (MSF),Ministry of Education (MOE),Competition,Heritage Conservation,Speaker,Attended,Ryan Wang actively participated in the event.,
S3471547W,National Youth Achievement Award Ceremony,2025-10-14,2025-10-14,Annual national youth achievement award ceremony bringing together youth leaders from across Singapore.,People's Association (PA),Ministry of Education (MOE),Community Service,Sports & Wellness,Organizer,No-Show,Ravi Koh actively participated in the event.,
T7766521W,National Youth Achievement Award Ceremony,2025-10-14,2025-10-14,Annual national youth achievement award ceremony bringing together youth leaders from across Singapore.,People's Association (PA),"Ministry of Culture, Community and Youth (MCCY)",Community Service,Community Service,Speaker,Attended,Michelle Ibrahim actively participated in the event.,
T9848092Y,National Youth Achievement Award Ceremony,2025-10-14,2025-10-14,Annual national youth achievement award ceremony bringing together youth leaders from across Singapore.,People's Association (PA),People's Association (PA),Conference,Civic Participation,Participant,Attended,Michelle Liu actively participated in the event.,
T0563437G,National Youth Achievement Award Ceremony,2025-10-14,2025-10-14,Annual national youth achievement award ceremony bringing together youth leaders from across Singapore.,People's Association (PA),National Youth Council (NYC),Community Service,Heritage Conservation,Participant,No-Show,Brandon Tan actively participated in the event.,
T2857241X,National Youth Achievement Award Ceremony,2025-10-14,2025-10-14,Annual national youth achievement award ceremony bringing together youth leaders from across Singapore.,People's Association (PA),Ministry of Social and Family Development (MSF),Conference,Sustainability,Organizer,Attended,Siti Ibrahim actively participated in the event.,
S9707665K,National Youth Achievement Award Ceremony,2025-10-14,2025-10-14,Annual national youth achievement award ceremony bringing together youth leaders from across Singapore.,People's Association (PA),Ministry of Education (MOE),Dialogue,Arts & Culture,Participant,Attended,Marcus Ng actively participated in the event.,
T5430719F,National Youth Achievement Award Ceremony,2025-10-14,2025-10-14,Annual national youth achievement award ceremony bringing together youth leaders from across Singapore.,People's Association (PA),National Youth Council (NYC),Workshop,Sports & Wellness,Participant,Attended,Ryan Goh actively participated in the event.,
T4955929E,National Youth Achievement Award Ceremony,2025-10-14,2025-10-14,Annual national youth achievement award ceremony bringing together youth leaders from across Singapore.,People's Association (PA),Ministry of Education (MOE),Dialogue,Racial Harmony,Organizer,No-Show,Joshua Kumar actively participated in the event.,
S5455349C,National Youth Achievement Award Ceremony,2025-10-14,2025-10-14,Annual national youth achievement award ceremony bringing together youth leaders from across Singapore.,People's Association (PA),Ministry of Social and Family Development (MSF),Community Service,Digital Literacy,Volunteer,Attended,Natalie Ng actively participated in the event.,
S6500759S,Forward SG Youth Engagement,2026-12-18,2026-12-18,Annual forward sg youth engagement bringing together youth leaders from across Singapore.,People's Association (PA),"Ministry of Culture, Community and Youth (MCCY)",Conference,Heritage Conservation,Speaker,Attended,Chloe Tan actively participated in the event.,
S6178258Y,Forward SG Youth Engagement,2026-12-18,2026-12-18,Annual forward sg youth engagement bringing together youth leaders from across Singapore.,People's Association (PA),Ministry of Education (MOE),Competition,Social Entrepreneurship,Panelist,No-Show,Priya Koh actively participated in the event.,
S7174825Y,Forward SG Youth Engagement,2026-12-18,2026-12-18,Annual forward sg youth engagement bringing together youth leaders from across Singapore.,People's Association (PA),Ministry of Social and Family Development (MSF),Community Service,Sustainability,Panelist,Attended,Wei Jie Lee actively participated in the event.,
T9930891X,Forward SG Youth Engagement,2026-12-18,2026-12-18,Annual forward sg youth engagement bringing together youth leaders from across Singapore.,People's Association (PA),Ministry of Social and Family Development (MSF),Community Service,Sustainability,Organizer,Attended,Jasmine Goh actively participated in the event.,
S8225169B,Forward SG Youth Engagement,2026-12-18,2026-12-18,Annual forward sg youth engagement bringing together youth leaders from across Singapore.,People's Association (PA),People's Association (PA),Competition,Sports & Wellness,Volunteer,Attended,Rachel Zhang actively participated in the event.,
S4568682J,Forward SG Youth Engagement,2026-12-18,2026-12-18,Annual forward sg youth engagement bringing together youth leaders from across Singapore.,People's Association (PA),Ministry of Social and Family Development (MSF),Workshop,Interfaith Dialogue,Speaker,No-Show,Joshua Ong actively participated in the event.,
T0240130L,Forward SG Youth Engagement,2026-12-18,2026-12-18,Annual forward sg youth engagement bringing together youth leaders from across Singapore.,People's Association (PA),People's Association (PA),Competition,Volunteerism,Speaker,Attended,Michelle Rashid actively participated in the event.,
T9391617E,Forward SG Youth Engagement,2026-12-18,2026-12-18,Annual forward sg youth engagement bringing together youth leaders from across Singapore.,People's Association (PA),National Youth Council (NYC),Workshop,Climate Action,Organizer,Attended,Ahmad Abdullah actively participated in the event.,
S3893891Q,Forward SG Youth Engagement,2026-12-18,2026-12-18,Annual forward sg youth engagement bringing together youth leaders from across Singapore.,People's Association (PA),Ministry of Social and Family Development (MSF),Community Service,Interfaith Dialogue,Organizer,Attended,Jasmine Lee actively participated in the event.,
S6801322R,Forward SG Youth Engagement,2026-12-18,2026-12-18,Annual forward sg youth engagement bringing together youth leaders from across Singapore.,People's Association (PA),Ministry of Education (MOE),Conference,Digital Literacy,Organizer,Attended,Hui Min Teo actively participated in the event.,
T0412934R,Forward SG Youth Engagement,2026-12-18,2026-12-18,Annual forward sg youth engagement bringing together youth leaders from across Singapore.,People's Association (PA),People's Association (PA),Workshop,Volunteerism,Volunteer,Attended,Marcus Koh actively participated in the event.,
S8255353K,Forward SG Youth Engagement,2026-12-18,2026-12-18,Annual forward sg youth engagement bringing together youth leaders from across Singapore.,People's Association (PA),Ministry of Education (MOE),Community Service,Arts & Culture,Volunteer,Attended,Kai Wen Chen actively participated in the event.,
S2220724F,Forward SG Youth Engagement,2026-12-18,2026-12-18,Annual forward sg youth engagement bringing together youth leaders from across Singapore.,People's Association (PA),National Youth Council (NYC),Conference,Heritage Conservation,Speaker,Attended,Brandon Lee actively participated in the event.,
S7936411J,Forward SG Youth Engagement,2026-12-18,2026-12-18,Annual forward sg youth engagement bringing together youth leaders from across Singapore.,People's Association (PA),"Ministry of Culture, Community and Youth (MCCY)",Workshop,Community Service,Panelist,Attended,Ethan Liu actively participated in the event.,
T3757861G,Forward SG Youth Engagement,2026-12-18,2026-12-18,Annual forward sg youth engagement bringing together youth leaders from across Singapore.,People's Association (PA),Ministry of Social and Family Development (MSF),Workshop,Heritage Conservation,Participant,Attended,Ryan Kumar actively participated in the event.,
S8258851M,Forward SG Youth Engagement,2026-12-18,2026-12-18,Annual forward sg youth engagement bringing together youth leaders from across Singapore.,People's Association (PA),Ministry of Social and Family Development (MSF),Community Service,Racial Harmony,Organizer,Attended,Ethan Chen actively participated in the event.,
S6804364Y,Forward SG Youth Engagement,2026-12-18,2026-12-18,Annual forward sg youth engagement bringing together youth leaders from across Singapore.,People's Association (PA),Ministry of Education (MOE),Workshop,Arts & Culture,Participant,Attended,Muhammad Chen actively participated in the event.,
S7278498L,Forward SG Youth Engagement,2026-12-18,2026-12-18,Annual forward sg youth engagement bringing together youth leaders from across Singapore.,People's Association (PA),People's Association (PA),Workshop,Digital Literacy,Volunteer,Attended,Chloe Ibrahim actively participated in the event.,
S0279247E,Forward SG Youth Engagement,2026-12-18,2026-12-18,Annual forward sg youth engagement bringing together youth leaders from across Singapore.,People's Association (PA),Ministry of Education (MOE),Conference,Civic Participation,Speaker,No-Show,Kai Wen Teo actively participated in the event.,
S5104967C,Forward SG Youth Engagement,2026-12-18,2026-12-18,Annual forward sg youth engagement bringing together youth leaders from across Singapore.,People's Association (PA),National Youth Council (NYC),Community Service,Heritage Conservation,Panelist,Attended,Priya Chua actively participated in the event.,
S5214134M,Youth Mental Wellness Conference,2026-06-05,2026-06-05,Annual youth mental wellness conference bringing together youth leaders from across Singapore.,People's Association (PA),National Youth Council (NYC),Dialogue,Volunteerism,Participant,Attended,Priya Kumar actively participated in the event.,
S8258851M,Youth Mental Wellness Conference,2026-06-05,2026-06-05,Annual youth mental wellness conference bringing together youth leaders from across Singapore.,People's Association (PA),"Ministry of Culture, Community and Youth (MCCY)",Conference,Heritage Conservation,Volunteer,No-Show,Ethan Chen actively participated in the event.,
S8408703U,Youth Mental Wellness Conference,2026-06-05,2026-06-05,Annual youth mental wellness conference bringing together youth leaders from across Singapore.,People's Association (PA),Ministry of Education (MOE),Community Service,Sports & Wellness,Volunteer,Attended,Grace Liu actively participated in the event.,
T0240130L,Youth Mental Wellness Conference,2026-06-05,2026-06-05,Annual youth mental wellness conference bringing together youth leaders from across Singapore.,People's Association (PA),Ministry of Education (MOE),Community Service,Interfaith Dialogue,Panelist,Attended,Michelle Rashid actively participated in the event.,
S3005603K,Youth Mental Wellness Conference,2026-06-05,2026-06-05,Annual youth mental wellness conference bringing together youth leaders from across Singapore.,People's Association (PA),People's Association (PA),Workshop,Volunteerism,Panelist,Attended,Ravi Tan actively participated in the event.,
T9336533F,Youth Mental Wellness Conference,2026-06-05,2026-06-05,Annual youth mental wellness conference bringing together youth leaders from across Singapore.,People's Association (PA),Ministry of Education (MOE),Community Service,Community Service,Speaker,Attended,Nurul Teo actively participated in the event.,
S0366020Y,Youth Mental Wellness Conference,2026-06-05,2026-06-05,Annual youth mental wellness conference bringing together youth leaders from across Singapore.,People's Association (PA),Ministry of Education (MOE),Community Service,Digital Literacy,Panelist,Attended,Chloe Chen actively participated in the event.,
S7936411J,Youth Mental Wellness Conference,2026-06-05,2026-06-05,Annual youth mental wellness conference bringing together youth leaders from across Singapore.,People's Association (PA),"Ministry of Culture, Community and Youth (MCCY)",Competition,Racial Harmony,Volunteer,No-Show,Ethan Liu actively participated in the event.,
S0075558D,Youth Mental Wellness Conference,2026-06-05,2026-06-05,Annual youth mental wellness conference bringing together youth leaders from across Singapore.,People's Association (PA),National Youth Council (NYC),Conference,Climate Action,Speaker,No-Show,Muhammad Wang actively participated in the event.,
S5426158Y,Racial Harmony Day Celebration,2025-03-08,2025-03-08,Annual racial harmony day celebration bringing together youth leaders from across Singapore.,"Ministry of Culture, Community and Youth (MCCY)",Ministry of Education (MOE),Workshop,Community Service,Organizer,Attended,Hui Min Goh actively participated in the event.,
S5646114F,Racial Harmony Day Celebration,2025-03-08,2025-03-08,Annual racial harmony day celebration bringing together youth leaders from across Singapore.,"Ministry of Culture, Community and Youth (MCCY)",National Youth Council (NYC),Dialogue,Heritage Conservation,Speaker,Attended,Hui Min Kumar actively participated in the event.,
S6804364Y,Racial Harmony Day Celebration,2025-03-08,2025-03-08,Annual racial harmony day celebration bringing together youth leaders from across Singapore.,"Ministry of Culture, Community and Youth (MCCY)",National Youth Council (NYC),Workshop,Sustainability,Volunteer,No-Show,Muhammad Chen actively participated in the event.,
T7356644C,Racial Harmony Day Celebration,2025-03-08,2025-03-08,Annual racial harmony day celebration bringing together youth leaders from across Singapore.,"Ministry of Culture, Community and Youth (MCCY)",National Youth Council (NYC),Community Service,Community Service,Organizer,Attended,Natalie Tan actively participated in the event.,
S0185623P,Racial Harmony Day Celebration,2025-03-08,2025-03-08,Annual racial harmony day celebration bringing together youth leaders from across Singapore.,"Ministry of Culture, Community and Youth (MCCY)",National Youth Council (NYC),Community Service,Digital Literacy,Volunteer,Attended,Jasmine Ong actively participated in the event.,
S4246085K,Racial Harmony Day Celebration,2025-03-08,2025-03-08,Annual racial harmony day celebration bringing together youth leaders from across Singapore.,"Ministry of Culture, Community and Youth (MCCY)",People's Association (PA),Dialogue,Civic Participation,Participant,Attended,Wei Jie Ng actively participated in the event.,
S8479933T,Racial Harmony Day Celebration,2025-03-08,2025-03-08,Annual racial harmony day celebration bringing together youth leaders from across Singapore.,"Ministry of Culture, Community and Youth (MCCY)",National Youth Council (NYC),Dialogue,Arts & Culture,Panelist,Attended,Natalie Goh actively participated in the event.,
T4313801P,Racial Harmony Day Celebration,2025-03-08,2025-03-08,Annual racial harmony day celebration bringing together youth leaders from across Singapore.,"Ministry of Culture, Community and Youth (MCCY)",People's Association (PA),Competition,Arts & Culture,Participant,Attended,Ryan Tan actively participated in the event.,
S1023296D,Racial Harmony Day Celebration,2025-03-08,2025-03-08,Annual racial harmony day celebration bringing together youth leaders from across Singapore.,"Ministry of Culture, Community and Youth (MCCY)",People's Association (PA),Conference,Racial Harmony,Organizer,Attended,Ryan Wong actively participated in the event.,
T3067205T,Racial Harmony Day Celebration,2025-03-08,2025-03-08,Annual racial harmony day celebration bringing together youth leaders from across Singapore.,"Ministry of Culture, Community and Youth (MCCY)",People's Association (PA),Conference,Volunteerism,Speaker,Attended,Siti Nair actively participated in the event.,
T9930891X,Racial Harmony Day Celebration,2025-03-08,2025-03-08,Annual racial harmony day celebration bringing together youth leaders from across Singapore.,"Ministry of Culture, Community and Youth (MCCY)",Ministry of Education (MOE),Workshop,Civic Participation,Participant,Attended,Jasmine Goh actively participated in the event.,
S1418447Q,Racial Harmony Day Celebration,2025-03-08,2025-03-08,Annual racial harmony day celebration bringing together youth leaders from across Singapore.,"Ministry of Culture, Community and Youth (MCCY)",National Youth Council (NYC),Conference,Youth Mental Health,Volunteer,Attended,Natalie Chua actively participated in the event.,
S3227308T,Racial Harmony Day Celebration,2025-03-08,2025-03-08,Annual racial harmony day celebration bringing together youth leaders from across Singapore.,"Ministry of Culture, Community and Youth (MCCY)",National Youth Council (NYC),Workshop,Arts & Culture,Panelist,Attended,Chloe Liu actively participated in the event.,
S0541221J,Racial Harmony Day Celebration,2025-03-08,2025-03-08,Annual racial harmony day celebration bringing together youth leaders from across Singapore.,"Ministry of Culture, Community and Youth (MCCY)",National Youth Council (NYC),Workshop,Volunteerism,Volunteer,Attended,Yi Xuan Rashid actively participated in the event.,
S7090566M,Racial Harmony Day Celebration,2025-03-08,2025-03-08,Annual racial harmony day celebration bringing together youth leaders from across Singapore.,"Ministry of Culture, Community and Youth (MCCY)","Ministry of Culture, Community and Youth (MCCY)",Competition,Racial Harmony,Speaker,Attended,Grace Kumar actively participated in the event.,
S0279247E,Racial Harmony Day Celebration,2025-03-08,2025-03-08,Annual racial harmony day celebration bringing together youth leaders from across Singapore.,"Ministry of Culture, Community and Youth (MCCY)",People's Association (PA),Community Service,Sustainability,Participant,No-Show,Kai Wen Teo actively participated in the event.,
S8186762E,Racial Harmony Day Celebration,2025-03-08,2025-03-08,Annual racial harmony day celebration bringing together youth leaders from across Singapore.,"Ministry of Culture, Community and Youth (MCCY)",National Youth Council (NYC),Workshop,Civic Participation,Volunteer,Attended,Wei Jie Wang actively participated in the event.,
S3819753F,Racial Harmony Day Celebration,2025-03-08,2025-03-08,Annual racial harmony day celebration bringing together youth leaders from across Singapore.,"Ministry of Culture, Community and Youth (MCCY)",Ministry of Education (MOE),Community Service,Climate Action,Participant,Attended,Marcus Singh actively participated in the event.,
S0366020Y,Racial Harmony Day Celebration,2025-03-08,2025-03-08,Annual racial harmony day celebration bringing together youth leaders from across Singapore.,"Ministry of Culture, Community and Youth (MCCY)","Ministry of Culture, Community and Youth (MCCY)",Conference,Volunteerism,Volunteer,Attended,Chloe Chen actively participated in the event.,
S7278300W,Digital Skills Bootcamp,2025-03-01,2025-03-01,Annual digital skills bootcamp bringing together youth leaders from across Singapore.,Ministry of Social and Family Development (MSF),Ministry of Education (MOE),Conference,Innovation & Technology,Panelist,Attended,Kai Wen Chen actively participated in the event.,
T0240130L,Digital Skills Bootcamp,2025-03-01,2025-03-01,Annual digital skills bootcamp bringing together youth leaders from across Singapore.,Ministry of Social and Family Development (MSF),Ministry of Education (MOE),Conference,Digital Literacy,Panelist,Attended,Michelle Rashid actively participated in the event.,
S0080568Z,Digital Skills Bootcamp,2025-03-01,2025-03-01,Annual digital skills bootcamp bringing together youth leaders from across Singapore.,Ministry of Social and Family Development (MSF),People's Association (PA),Competition,Heritage Conservation,Volunteer,Attended,Zhi Hao Chua actively participated in the event.,
S1851004L,Digital Skills Bootcamp,2025-03-01,2025-03-01,Annual digital skills bootcamp bringing together youth leaders from across Singapore.,Ministry of Social and Family Development (MSF),"Ministry of Culture, Community and Youth (MCCY)",Dialogue,Youth Mental Health,Speaker,Attended,Emily Zhang actively participated in the event.,
S3981762C,Digital Skills Bootcamp,2025-03-01,2025-03-01,Annual digital skills bootcamp bringing together youth leaders from across Singapore.,Ministry of Social and Family Development (MSF),Ministry of Education (MOE),Competition,Heritage Conservation,Participant,Attended,Jun Wei Ong actively participated in the event.,
S9834086Z,Digital Skills Bootcamp,2025-03-01,2025-03-01,Annual digital skills bootcamp bringing together youth leaders from across Singapore.,Ministry of Social and Family Development (MSF),People's Association (PA),Community Service,Climate Action,Volunteer,Attended,Marcus Ong actively participated in the event.,
T0420281C,Digital Skills Bootcamp,2025-03-01,2025-03-01,Annual digital skills bootcamp bringing together youth leaders from across Singapore.,Ministry of Social and Family Development (MSF),National Youth Council (NYC),Community Service,Social Entrepreneurship,Volunteer,Attended,Rachel Wang actively participated in the event.,
T9930891X,Digital Skills Bootcamp,2025-03-01,2025-03-01,Annual digital skills bootcamp bringing together youth leaders from across Singapore.,Ministry of Social and Family Development (MSF),Ministry of Education (MOE),Conference,Sports & Wellness,Organizer,No-Show,Jasmine Goh actively participated in the event.,
S2876027R,Digital Skills Bootcamp,2025-03-01,2025-03-01,Annual digital skills bootcamp bringing together youth leaders from across Singapore.,Ministry of Social and Family Development (MSF),Ministry of Education (MOE),Community Service,Racial Harmony,Participant,Attended,Michelle Koh actively participated in the event.,
S8258851M,Digital Skills Bootcamp,2025-03-01,2025-03-01,Annual digital skills bootcamp bringing together youth leaders from across Singapore.,Ministry of Social and Family Development (MSF),National Youth Council (NYC),Conference,Sustainability,Speaker,Attended,Ethan Chen actively participated in the event.,
S1766733M,Digital Skills Bootcamp,2025-03-01,2025-03-01,Annual digital skills bootcamp bringing together youth leaders from across Singapore.,Ministry of Social and Family Development (MSF),People's Association (PA),Workshop,Innovation & Technology,Participant,Attended,Natalie Kumar actively participated in the event.,
T4609067F,Digital Skills Bootcamp,2025-03-01,2025-03-01,Annual digital skills bootcamp bringing together youth leaders from across Singapore.,Ministry of Social and Family Development (MSF),Ministry of Social and Family Development (MSF),Competition,Racial Harmony,Participant,Attended,Rachel Tan actively participated in the event.,
S3700338G,Digital Skills Bootcamp,2025-03-01,2025-03-01,Annual digital skills bootcamp bringing together youth leaders from across Singapore.,Ministry of Social and Family Development (MSF),People's Association (PA),Community Service,Community Service,Organizer,Attended,Ryan Lee actively participated in the event.,
S5214134M,Digital Skills Bootcamp,2025-03-01,2025-03-01,Annual digital skills bootcamp bringing together youth leaders from across Singapore.,Ministry of Social and Family Development (MSF),National Youth Council (NYC),Workshop,Youth Mental Health,Speaker,Attended,Priya Kumar actively participated in the event.,
S5182627Q,Digital Skills Bootcamp,2025-03-01,2025-03-01,Annual digital skills bootcamp bringing together youth leaders from across Singapore.,Ministry of Social and Family Development (MSF),National Youth Council (NYC),Competition,Climate Action,Organizer,Attended,Ahmad Goh actively participated in the event.,
S0366020Y,Digital Skills Bootcamp,2025-03-01,2025-03-01,Annual digital skills bootcamp bringing together youth leaders from across Singapore.,Ministry of Social and Family Development (MSF),Ministry of Social and Family Development (MSF),Dialogue,Civic Participation,Volunteer,Attended,Chloe Chen actively participated in the event.,
S3875656U,Digital Skills Bootcamp,2025-03-01,2025-03-01,Annual digital skills bootcamp bringing together youth leaders from across Singapore.,Ministry of Social and Family Development (MSF),"Ministry of Culture, Community and Youth (MCCY)",Community Service,Social Entrepreneurship,Organizer,Attended,Grace Koh actively participated in the event.,
S9893881T,Digital Skills Bootcamp,2025-03-01,2025-03-01,Annual digital skills bootcamp bringing together youth leaders from across Singapore.,Ministry of Social and Family Development (MSF),Ministry of Social and Family Development (MSF),Workshop,Sports & Wellness,Speaker,No-Show,Ananya Abdullah actively participated in the event.,
S4864234L,Youth Volunteerism Summit,2024-08-27,2024-08-27,Annual youth volunteerism summit bringing together youth leaders from across Singapore.,Ministry of Education (MOE),People's Association (PA),Competition,Community Service,Panelist,Attended,Chloe Chen actively participated in the event.,
S6530754W,Youth Volunteerism Summit,2024-08-27,2024-08-27,Annual youth volunteerism summit bringing together youth leaders from across Singapore.,Ministry of Education (MOE),"Ministry of Culture, Community and Youth (MCCY)",Competition,Innovation & Technology,Participant,Attended,Natalie Koh actively participated in the event.,
S6542992Y,Youth Volunteerism Summit,2024-08-27,2024-08-27,Annual youth volunteerism summit bringing together youth leaders from across Singapore.,Ministry of Education (MOE),People's Association (PA),Conference,Interfaith Dialogue,Organizer,Attended,Yi Xuan Liu actively participated in the event.,
S7864386W,Youth Volunteerism Summit,2024-08-27,2024-08-27,Annual youth volunteerism summit bringing together youth leaders from across Singapore.,Ministry of Education (MOE),Ministry of Education (MOE),Community Service,Sports & Wellness,Volunteer,No-Show,Marcus Rashid actively participated in the event.,
S7278498L,Youth Volunteerism Summit,2024-08-27,2024-08-27,Annual youth volunteerism summit bringing together youth leaders from across Singapore.,Ministry of Education (MOE),National Youth Council (NYC),Conference,Interfaith Dialogue,Panelist,No-Show,Chloe Ibrahim actively participated in the event.,
S8479933T,Youth Volunteerism Summit,2024-08-27,2024-08-27,Annual youth volunteerism summit bringing together youth leaders from across Singapore.,Ministry of Education (MOE),People's Association (PA),Conference,Heritage Conservation,Panelist,Attended,Natalie Goh actively participated in the event.,
S3005120K,Youth Volunteerism Summit,2024-08-27,2024-08-27,Annual youth volunteerism summit bringing together youth leaders from across Singapore.,Ministry of Education (MOE),Ministry of Social and Family Development (MSF),Community Service,Civic Participation,Organizer,No-Show,Sarah Wang actively participated in the event.,
S8250056C,Youth Volunteerism Summit,2024-08-27,2024-08-27,Annual youth volunteerism summit bringing together youth leaders from across Singapore.,Ministry of Education (MOE),Ministry of Social and Family Development (MSF),Conference,Arts & Culture,Volunteer,No-Show,Rachel Wang actively participated in the event.,
S3742044P,Youth Volunteerism Summit,2024-08-27,2024-08-27,Annual youth volunteerism summit bringing together youth leaders from across Singapore.,Ministry of Education (MOE),"Ministry of Culture, Community and Youth (MCCY)",Competition,Arts & Culture,Volunteer,No-Show,Rachel Wang actively participated in the event.,
S4583494J,Youth Volunteerism Summit,2024-08-27,2024-08-27,Annual youth volunteerism summit bringing together youth leaders from across Singapore.,Ministry of Education (MOE),"Ministry of Culture, Community and Youth (MCCY)",Community Service,Heritage Conservation,Volunteer,Attended,Nurul Lee actively participated in the event.,
T9143327Z,Youth Volunteerism Summit,2024-08-27,2024-08-27,Annual youth volunteerism summit bringing together youth leaders from across Singapore.,Ministry of Education (MOE),"Ministry of Culture, Community and Youth (MCCY)",Community Service,Civic Participation,Organizer,Attended,Xin Yi Wong actively participated in the event.,
S8874126P,Youth Volunteerism Summit,2024-08-27,2024-08-27,Annual youth volunteerism summit bringing together youth leaders from across Singapore.,Ministry of Education (MOE),People's Association (PA),Conference,Climate Action,Participant,Attended,Natalie Tan actively participated in the event.,
T9930891X,Youth Volunteerism Summit,2024-08-27,2024-08-27,Annual youth volunteerism summit bringing together youth leaders from across Singapore.,Ministry of Education (MOE),People's Association (PA),Competition,Community Service,Participant,Attended,Jasmine Goh actively participated in the event.,
T3067205T,Youth Volunteerism Summit,2024-08-27,2024-08-27,Annual youth volunteerism summit bringing together youth leaders from across Singapore.,Ministry of Education (MOE),National Youth Council (NYC),Conference,Digital Literacy,Speaker,Attended,Siti Nair actively participated in the event.,
T1277555X,Youth Volunteerism Summit,2024-08-27,2024-08-27,Annual youth volunteerism summit bringing together youth leaders from across Singapore.,Ministry of Education (MOE),National Youth Council (NYC),Competition,Community Service,Volunteer,No-Show,Brandon Ong actively participated in the event.,
S2220724F,Youth Volunteerism Summit,2024-08-27,2024-08-27,Annual youth volunteerism summit bringing together youth leaders from across Singapore.,Ministry of Education (MOE),National Youth Council (NYC),Conference,Digital Literacy,Speaker,Attended,Brandon Lee actively participated in the event.,
S5299728Z,Youth Volunteerism Summit,2024-08-27,2024-08-27,Annual youth volunteerism summit bringing together youth leaders from across Singapore.,Ministry of Education (MOE),People's Association (PA),Conference,Interfaith Dialogue,Participant,No-Show,Joshua Abdullah actively participated in the event.,
S5214134M,Climate Rally SG,2025-05-15,2025-05-15,Annual climate rally sg bringing together youth leaders from across Singapore.,National Youth Council (NYC),National Youth Council (NYC),Workshop,Social Entrepreneurship,Panelist,Attended,Priya Kumar actively participated in the event.,
S5104967C,Climate Rally SG,2025-05-15,2025-05-15,Annual climate rally sg bringing together youth leaders from across Singapore.,National Youth Council (NYC),People's Association (PA),Workshop,Heritage Conservation,Organizer,Attended,Priya Chua actively participated in the event.,
S8821306B,Climate Rally SG,2025-05-15,2025-05-15,Annual climate rally sg bringing together youth leaders from across Singapore.,National Youth Council (NYC),Ministry of Social and Family Development (MSF),Dialogue,Civic Participation,Volunteer,No-Show,Brandon Lim actively participated in the event.,
T9930891X,Climate Rally SG,2025-05-15,2025-05-15,Annual climate rally sg bringing together youth leaders from across Singapore.,National Youth Council (NYC),"Ministry of Culture, Community and Youth (MCCY)",Competition,Racial Harmony,Volunteer,Attended,Jasmine Goh actively participated in the event.,
S5182627Q,Climate Rally SG,2025-05-15,2025-05-15,Annual climate rally sg bringing together youth leaders from across Singapore.,National Youth Council (NYC),Ministry of Social and Family Development (MSF),Conference,Social Entrepreneurship,Volunteer,No-Show,Ahmad Goh actively participated in the event.,
S3380498E,Climate Rally SG,2025-05-15,2025-05-15,Annual climate rally sg bringing together youth leaders from across Singapore.,National Youth Council (NYC),National Youth Council (NYC),Dialogue,Interfaith Dialogue,Panelist,Attended,Kai Wen Abdullah actively participated in the event.,
S1300258Z,Climate Rally SG,2025-05-15,2025-05-15,Annual climate rally sg bringing together youth leaders from across Singapore.,National Youth Council (NYC),"Ministry of Culture, Community and Youth (MCCY)",Dialogue,Civic Participation,Organizer,Attended,Ravi Nair actively participated in the event.,
S7182046X,Climate Rally SG,2025-05-15,2025-05-15,Annual climate rally sg bringing together youth leaders from across Singapore.,National Youth Council (NYC),People's Association (PA),Workshop,Digital Literacy,Participant,Attended,Siti Wong actively participated in the event.,
T7058346Q,Climate Rally SG,2025-05-15,2025-05-15,Annual climate rally sg bringing together youth leaders from across Singapore.,National Youth Council (NYC),Ministry of Social and Family Development (MSF),Community Service,Digital Literacy,Organizer,No-Show,Xin Yi Lee actively participated in the event.,
S8520611J,Climate Rally SG,2025-05-15,2025-05-15,Annual climate rally sg bringing together youth leaders from across Singapore.,National Youth Council (NYC),Ministry of Education (MOE),Community Service,Digital Literacy,Volunteer,Attended,Kai Wen Ong actively participated in the event.,
S0541221J,Community Leadership Workshop,2025-10-05,2025-10-05,Annual community leadership workshop bringing together youth leaders from across Singapore.,Ministry of Education (MOE),Ministry of Education (MOE),Conference,Climate Action,Participant,Attended,Yi Xuan Rashid actively participated in the event.,
S4864234L,Community Leadership Workshop,2025-10-05,2025-10-05,Annual community leadership workshop bringing together youth leaders from across Singapore.,Ministry of Education (MOE),National Youth Council (NYC),Dialogue,Sports & Wellness,Speaker,Attended,Chloe Chen actively participated in the event.,
S0366020Y,Community Leadership Workshop,2025-10-05,2025-10-05,Annual community leadership workshop bringing together youth leaders from across Singapore.,Ministry of Education (MOE),National Youth Council (NYC),Conference,Community Service,Organizer,No-Show,Chloe Chen actively participated in the event.,
S8479933T,Community Leadership Workshop,2025-10-05,2025-10-05,Annual community leadership workshop bringing together youth leaders from across Singapore.,Ministry of Education (MOE),People's Association (PA),Workshop,Sustainability,Panelist,Attended,Natalie Goh actively participated in the event.,
T7356644C,Community Leadership Workshop,2025-10-05,2025-10-05,Annual community leadership workshop bringing together youth leaders from across Singapore.,Ministry of Education (MOE),"Ministry of Culture, Community and Youth (MCCY)",Dialogue,Community Service,Panelist,Attended,Natalie Tan actively participated in the event.,
S9480472L,Community Leadership Workshop,2025-10-05,2025-10-05,Annual community leadership workshop bringing together youth leaders from across Singapore.,Ministry of Education (MOE),People's Association (PA),Conference,Community Service,Speaker,No-Show,Nurul Wang actively participated in the event.,
S2315266T,Community Leadership Workshop,2025-10-05,2025-10-05,Annual community leadership workshop bringing together youth leaders from across Singapore.,Ministry of Education (MOE),Ministry of Social and Family Development (MSF),Dialogue,Interfaith Dialogue,Speaker,Attended,Siti Chen actively participated in the event.,
S8821306B,Community Leadership Workshop,2025-10-05,2025-10-05,Annual community leadership workshop bringing together youth leaders from across Singapore.,Ministry of Education (MOE),"Ministry of Culture, Community and Youth (MCCY)",Workshop,Civic Participation,Participant,Attended,Brandon Lim actively participated in the event.,
S0075558D,Community Leadership Workshop,2025-10-05,2025-10-05,Annual community leadership workshop bringing together youth leaders from across Singapore.,Ministry of Education (MOE),National Youth Council (NYC),Community Service,Social Entrepreneurship,Participant,No-Show,Muhammad Wang actively participated in the event.,
S7864386W,Arts & Culture Youth Forum,2026-01-24,2026-01-24,Annual arts & culture youth forum bringing together youth leaders from across Singapore.,Ministry of Social and Family Development (MSF),National Youth Council (NYC),Competition,Social Entrepreneurship,Speaker,Attended,Marcus Rashid actively participated in the event.,
S2464474B,Arts & Culture Youth Forum,2026-01-24,2026-01-24,Annual arts & culture youth forum bringing together youth leaders from across Singapore.,Ministry of Social and Family Development (MSF),People's Association (PA),Workshop,Sustainability,Speaker,Attended,Kai Wen Tan actively participated in the event.,
S3680360R,Arts & Culture Youth Forum,2026-01-24,2026-01-24,Annual arts & culture youth forum bringing together youth leaders from across Singapore.,Ministry of Social and Family Development (MSF),People's Association (PA),Competition,Interfaith Dialogue,Speaker,Attended,Kai Wen Teo actively participated in the event.,
S8520611J,Arts & Culture Youth Forum,2026-01-24,2026-01-24,Annual arts & culture youth forum bringing together youth leaders from across Singapore.,Ministry of Social and Family Development (MSF),Ministry of Education (MOE),Workshop,Heritage Conservation,Organizer,Attended,Kai Wen Ong actively participated in the event.,
T7766521W,Arts & Culture Youth Forum,2026-01-24,2026-01-24,Annual arts & culture youth forum bringing together youth leaders from across Singapore.,Ministry of Social and Family Development (MSF),Ministry of Social and Family Development (MSF),Conference,Innovation & Technology,Speaker,No-Show,Michelle Ibrahim actively participated in the event.,
S2220724F,Arts & Culture Youth Forum,2026-01-24,2026-01-24,Annual arts & culture youth forum bringing together youth leaders from across Singapore.,Ministry of Social and Family Development (MSF),People's Association (PA),Competition,Climate Action,Participant,Attended,Brandon Lee actively participated in the event.,
T9615247F,Arts & Culture Youth Forum,2026-01-24,2026-01-24,Annual arts & culture youth forum bringing together youth leaders from across Singapore.,Ministry of Social and Family Development (MSF),National Youth Council (NYC),Conference,Climate Action,Speaker,No-Show,Jun Wei Kumar actively participated in the event.,
S1790438D,Arts & Culture Youth Forum,2026-01-24,2026-01-24,Annual arts & culture youth forum bringing together youth leaders from across Singapore.,Ministry of Social and Family Development (MSF),National Youth Council (NYC),Community Service,Volunteerism,Speaker,Attended,Jasmine Lim actively participated in the event.,
S0940031Y,Arts & Culture Youth Forum,2026-01-24,2026-01-24,Annual arts & culture youth forum bringing together youth leaders from across Singapore.,Ministry of Social and Family Development (MSF),"Ministry of Culture, Community and Youth (MCCY)",Community Service,Heritage Conservation,Organizer,Attended,Yi Xuan Ibrahim actively participated in the event.,
S3700338G,Arts & Culture Youth Forum,2026-01-24,2026-01-24,Annual arts & culture youth forum bringing together youth leaders from across Singapore.,Ministry of Social and Family Development (MSF),"Ministry of Culture, Community and Youth (MCCY)",Dialogue,Volunteerism,Participant,No-Show,Ryan Lee actively participated in the event.,
S7643307S,Arts & Culture Youth Forum,2026-01-24,2026-01-24,Annual arts & culture youth forum bringing together youth leaders from across Singapore.,Ministry of Social and Family Development (MSF),National Youth Council (NYC),Competition,Volunteerism,Organizer,No-Show,Wei Jie Nair actively participated in the event.,
S8255408U,Arts & Culture Youth Forum,2026-01-24,2026-01-24,Annual arts & culture youth forum bringing together youth leaders from across Singapore.,Ministry of Social and Family Development (MSF),Ministry of Social and Family Development (MSF),Community Service,Innovation & Technology,Speaker,Attended,Ethan Chen actively participated in the event.,
S4782111X,Arts & Culture Youth Forum,2026-01-24,2026-01-24,Annual arts & culture youth forum bringing together youth leaders from across Singapore.,Ministry of Social and Family Development (MSF),Ministry of Social and Family Development (MSF),Competition,Youth Mental Health,Organizer,No-Show,Brandon Ong actively participated in the event.,
S8408703U,Arts & Culture Youth Forum,2026-01-24,2026-01-24,Annual arts & culture youth forum bringing together youth leaders from across Singapore.,Ministry of Social and Family Development (MSF),People's Association (PA),Competition,Civic Participation,Organizer,No-Show,Grace Liu actively participated in the event.,
S3096082G,Arts & Culture Youth Forum,2026-01-24,2026-01-24,Annual arts & culture youth forum bringing together youth leaders from across Singapore.,Ministry of Social and Family Development (MSF),People's Association (PA),Workshop,Social Entrepreneurship,Participant,Attended,Sarah Liu actively participated in the event.,
S1300258Z,Arts & Culture Youth Forum,2026-01-24,2026-01-24,Annual arts & culture youth forum bringing together youth leaders from across Singapore.,Ministry of Social and Family Development (MSF),People's Association (PA),Community Service,Volunteerism,Organizer,Attended,Ravi Nair actively participated in the event.,
T7058346Q,Arts & Culture Youth Forum,2026-01-24,2026-01-24,Annual arts & culture youth forum bringing together youth leaders from across Singapore.,Ministry of Social and Family Development (MSF),People's Association (PA),Competition,Arts & Culture,Participant,No-Show,Xin Yi Lee actively participated in the event.,
T7356644C,Arts & Culture Youth Forum,2026-01-24,2026-01-24,Annual arts & culture youth forum bringing together youth leaders from across Singapore.,Ministry of Social and Family Development (MSF),National Youth Council (NYC),Workshop,Community Service,Participant,No-Show,Natalie Tan actively participated in the event.,
S8672986J,Arts & Culture Youth Forum,2026-01-24,2026-01-24,Annual arts & culture youth forum bringing together youth leaders from across Singapore.,Ministry of Social and Family Development (MSF),National Youth Council (NYC),Dialogue,Sports & Wellness,Volunteer,Attended,Jia Ying Rashid actively participated in the event.,
S7360550Y,Social Enterprise Pitch Day,2025-05-25,2025-05-25,Annual social enterprise pitch day bringing together youth leaders from across Singapore.,"Ministry of Culture, Community and Youth (MCCY)",Ministry of Social and Family Development (MSF),Workshop,Volunteerism,Panelist,No-Show,Rachel Ong actively participated in the event.,
S5182627Q,Social Enterprise Pitch Day,2025-05-25,2025-05-25,Annual social enterprise pitch day bringing together youth leaders from across Singapore.,"Ministry of Culture, Community and Youth (MCCY)",People's Association (PA),Community Service,Volunteerism,Volunteer,Attended,Ahmad Goh actively participated in the event.,
S3981762C,Social Enterprise Pitch Day,2025-05-25,2025-05-25,Annual social enterprise pitch day bringing together youth leaders from across Singapore.,"Ministry of Culture, Community and Youth (MCCY)",Ministry of Social and Family Development (MSF),Community Service,Community Service,Speaker,No-Show,Jun Wei Ong actively participated in the event.,
S3893891Q,Social Enterprise Pitch Day,2025-05-25,2025-05-25,Annual social enterprise pitch day bringing together youth leaders from across Singapore.,"Ministry of Culture, Community and Youth (MCCY)",National Youth Council (NYC),Workshop,Volunteerism,Participant,Attended,Jasmine Lee actively participated in the event.,
S0185623P,Social Enterprise Pitch Day,2025-05-25,2025-05-25,Annual social enterprise pitch day bringing together youth leaders from across Singapore.,"Ministry of Culture, Community and Youth (MCCY)",Ministry of Social and Family Development (MSF),Dialogue,Arts & Culture,Volunteer,Attended,Jasmine Ong actively participated in the event.,
S2876027R,Social Enterprise Pitch Day,2025-05-25,2025-05-25,Annual social enterprise pitch day bringing together youth leaders from across Singapore.,"Ministry of Culture, Community and Youth (MCCY)",Ministry of Education (MOE),Conference,Racial Harmony,Speaker,Attended,Michelle Koh actively participated in the event.,
S0366020Y,Social Enterprise Pitch Day,2025-05-25,2025-05-25,Annual social enterprise pitch day bringing together youth leaders from across Singapore.,"Ministry of Culture, Community and Youth (MCCY)",Ministry of Education (MOE),Workshop,Digital Literacy,Participant,Attended,Chloe Chen actively participated in the event.,
S7643307S,Social Enterprise Pitch Day,2025-05-25,2025-05-25,Annual social enterprise pitch day bringing together youth leaders from across Singapore.,"Ministry of Culture, Community and Youth (MCCY)",National Youth Council (NYC),Conference,Sustainability,Organizer,No-Show,Wei Jie Nair actively participated in the event.,
S0251270U,Social Enterprise Pitch Day,2025-05-25,2025-05-25,Annual social enterprise pitch day bringing together youth leaders from across Singapore.,"Ministry of Culture, Community and Youth (MCCY)",National Youth Council (NYC),Workshop,Digital Literacy,Organizer,Attended,Muhammad Nair actively participated in the event.,
S1464695K,Social Enterprise Pitch Day,2025-05-25,2025-05-25,Annual social enterprise pitch day bringing together youth leaders from across Singapore.,"Ministry of Culture, Community and Youth (MCCY)",Ministry of Social and Family Development (MSF),Competition,Digital Literacy,Volunteer,Attended,Ananya Zhang actively participated in the event.,
S8255408U,Social Enterprise Pitch Day,2025-05-25,2025-05-25,Annual social enterprise pitch day bringing together youth leaders from across Singapore.,"Ministry of Culture, Community and Youth (MCCY)","Ministry of Culture, Community and Youth (MCCY)",Competition,Arts & Culture,Participant,Attended,Ethan Chen actively participated in the event.,
S5542586A,Social Enterprise Pitch Day,2025-05-25,2025-05-25,Annual social enterprise pitch day bringing together youth leaders from across Singapore.,"Ministry of Culture, Community and Youth (MCCY)",Ministry of Education (MOE),Workshop,Community Service,Participant,No-Show,Hui Min Teo actively participated in the event.,
S1685270Q,Social Enterprise Pitch Day,2025-05-25,2025-05-25,Annual social enterprise pitch day bringing together youth leaders from across Singapore.,"Ministry of Culture, Community and Youth (MCCY)",Ministry of Education (MOE),Workshop,Interfaith Dialogue,Panelist,Attended,Daniel Liu actively participated in the event.,
S6804364Y,Social Enterprise Pitch Day,2025-05-25,2025-05-25,Annual social enterprise pitch day bringing together youth leaders from across Singapore.,"Ministry of Culture, Community and Youth (MCCY)",National Youth Council (NYC),Dialogue,Youth Mental Health,Speaker,Attended,Muhammad Chen actively participated in the event.,
T0176332Q,Social Enterprise Pitch Day,2025-05-25,2025-05-25,Annual social enterprise pitch day bringing together youth leaders from across Singapore.,"Ministry of Culture, Community and Youth (MCCY)",Ministry of Social and Family Development (MSF),Workshop,Interfaith Dialogue,Participant,Attended,Joshua Goh actively participated in the event.,
S3957893H,Social Enterprise Pitch Day,2025-05-25,2025-05-25,Annual social enterprise pitch day bringing together youth leaders from across Singapore.,"Ministry of Culture, Community and Youth (MCCY)",Ministry of Social and Family Development (MSF),Workshop,Climate Action,Participant,Attended,Chloe Zhang actively participated in the event.,
S5455349C,Youth Innovation Hackathon,2025-11-10,2025-11-10,Annual youth innovation hackathon bringing together youth leaders from across Singapore.,National Youth Council (NYC),Ministry of Education (MOE),Workshop,Digital Literacy,Panelist,Attended,Natalie Ng actively participated in the event.,
T0420281C,Youth Innovation Hackathon,2025-11-10,2025-11-10,Annual youth innovation hackathon bringing together youth leaders from across Singapore.,National Youth Council (NYC),"Ministry of Culture, Community and Youth (MCCY)",Competition,Volunteerism,Organizer,Attended,Rachel Wang actively participated in the event.,
S6783928K,Youth Innovation Hackathon,2025-11-10,2025-11-10,Annual youth innovation hackathon bringing together youth leaders from across Singapore.,National Youth Council (NYC),Ministry of Education (MOE),Dialogue,Community Service,Panelist,Attended,Ethan Wong actively participated in the event.,
S3893891Q,Youth Innovation Hackathon,2025-11-10,2025-11-10,Annual youth innovation hackathon bringing together youth leaders from across Singapore.,National Youth Council (NYC),National Youth Council (NYC),Competition,Sustainability,Panelist,Attended,Jasmine Lee actively participated in the event.,
S3471547W,Youth Innovation Hackathon,2025-11-10,2025-11-10,Annual youth innovation hackathon bringing together youth leaders from across Singapore.,National Youth Council (NYC),"Ministry of Culture, Community and Youth (MCCY)",Community Service,Volunteerism,Volunteer,Attended,Ravi Koh actively participated in the event.,
S0501277R,Youth Innovation Hackathon,2025-11-10,2025-11-10,Annual youth innovation hackathon bringing together youth leaders from across Singapore.,National Youth Council (NYC),"Ministry of Culture, Community and Youth (MCCY)",Dialogue,Youth Mental Health,Panelist,Attended,Ethan Wang actively participated in the event.,
S8225169B,Youth Innovation Hackathon,2025-11-10,2025-11-10,Annual youth innovation hackathon bringing together youth leaders from across Singapore.,National Youth Council (NYC),"Ministry of Culture, Community and Youth (MCCY)",Community Service,Interfaith Dialogue,Participant,Attended,Rachel Zhang actively participated in the event.,
S2372311Z,Youth Innovation Hackathon,2025-11-10,2025-11-10,Annual youth innovation hackathon bringing together youth leaders from across Singapore.,National Youth Council (NYC),People's Association (PA),Competition,Arts & Culture,Volunteer,Attended,Wei Jie Chua actively participated in the event.,
T6642749E,Youth Innovation Hackathon,2025-11-10,2025-11-10,Annual youth innovation hackathon bringing together youth leaders from across Singapore.,National Youth Council (NYC),Ministry of Education (MOE),Competition,Youth Mental Health,Speaker,No-Show,Natalie Wang actively participated in the event.,
S0749569Z,Youth Innovation Hackathon,2025-11-10,2025-11-10,Annual youth innovation hackathon bringing together youth leaders from across Singapore.,National Youth Council (NYC),Ministry of Social and Family Development (MSF),Competition,Interfaith Dialogue,Organizer,Attended,Jun Wei Chen actively participated in the event.,
S4583494J,Youth Innovation Hackathon,2025-11-10,2025-11-10,Annual youth innovation hackathon bringing together youth leaders from across Singapore.,National Youth Council (NYC),Ministry of Social and Family Development (MSF),Workshop,Community Service,Volunteer,Attended,Nurul Lee actively participated in the event.,
S1851004L,Youth Innovation Hackathon,2025-11-10,2025-11-10,Annual youth innovation hackathon bringing together youth leaders from across Singapore.,National Youth Council (NYC),"Ministry of Culture, Community and Youth (MCCY)",Competition,Volunteerism,Participant,Attended,Emily Zhang actively participated in the event.,
T4955929E,Youth Innovation Hackathon,2025-11-10,2025-11-10,Annual youth innovation hackathon bringing together youth leaders from across Singapore.,National Youth Council (NYC),Ministry of Social and Family Development (MSF),Competition,Civic Participation,Participant,Attended,Joshua Kumar actively participated in the event.,
S1766733M,Youth Innovation Hackathon,2025-11-10,2025-11-10,Annual youth innovation hackathon bringing together youth leaders from across Singapore.,National Youth Council (NYC),Ministry of Social and Family Development (MSF),Community Service,Social Entrepreneurship,Organizer,No-Show,Natalie Kumar actively participated in the event.,
S6483697X,Youth Innovation Hackathon,2025-11-10,2025-11-10,Annual youth innovation hackathon bringing together youth leaders from across Singapore.,National Youth Council (NYC),National Youth Council (NYC),Dialogue,Racial Harmony,Organizer,Attended,Natalie Singh actively participated in the event.,
T9615247F,Youth Innovation Hackathon,2025-11-10,2025-11-10,Annual youth innovation hackathon bringing together youth leaders from across Singapore.,National Youth Council (NYC),Ministry of Education (MOE),Dialogue,Interfaith Dialogue,Panelist,Attended,Jun Wei Kumar actively participated in the event.,
T3067205T,Youth Innovation Hackathon,2025-11-10,2025-11-10,Annual youth innovation hackathon bringing together youth leaders from across Singapore.,National Youth Council (NYC),National Youth Council (NYC),Competition,Innovation & Technology,Participant,Attended,Siti Nair actively participated in the event.,
S4568682J,Youth Innovation Hackathon,2025-11-10,2025-11-10,Annual youth innovation hackathon bringing together youth leaders from across Singapore.,National Youth Council (NYC),"Ministry of Culture, Community and Youth (MCCY)",Competition,Climate Action,Speaker,No-Show,Joshua Ong actively participated in the event.,
S9229592Q,Youth Innovation Hackathon,2025-11-10,2025-11-10,Annual youth innovation hackathon bringing together youth leaders from across Singapore.,National Youth Council (NYC),People's Association (PA),Dialogue,Youth Mental Health,Volunteer,Attended,Brandon Tan actively participated in the event.,
S5214134M,Heritage Trail Youth Programme,2025-09-16,2025-09-16,Annual heritage trail youth programme bringing together youth leaders from across Singapore.,National Youth Council (NYC),Ministry of Education (MOE),Community Service,Volunteerism,Volunteer,Attended,Priya Kumar actively participated in the event.,
S6178258Y,Heritage Trail Youth Programme,2025-09-16,2025-09-16,Annual heritage trail youth programme bringing together youth leaders from across Singapore.,National Youth Council (NYC),People's Association (PA),Community Service,Sports & Wellness,Organizer,No-Show,Priya Koh actively participated in the event.,
T4721110R,Heritage Trail Youth Programme,2025-09-16,2025-09-16,Annual heritage trail youth programme bringing together youth leaders from across Singapore.,National Youth Council (NYC),People's Association (PA),Dialogue,Innovation & Technology,Participant,Attended,Joshua Ong actively participated in the event.,
S9867921B,Heritage Trail Youth Programme,2025-09-16,2025-09-16,Annual heritage trail youth programme bringing together youth leaders from across Singapore.,National Youth Council (NYC),"Ministry of Culture, Community and Youth (MCCY)",Workshop,Racial Harmony,Speaker,Attended,Emily Ng actively participated in the event.,
S8086758E,Heritage Trail Youth Programme,2025-09-16,2025-09-16,Annual heritage trail youth programme bringing together youth leaders from across Singapore.,National Youth Council (NYC),"Ministry of Culture, Community and Youth (MCCY)",Workshop,Civic Participation,Volunteer,No-Show,Daniel Liu actively participated in the event.,
S6386526B,Heritage Trail Youth Programme,2025-09-16,2025-09-16,Annual heritage trail youth programme bringing together youth leaders from across Singapore.,National Youth Council (NYC),People's Association (PA),Workshop,Social Entrepreneurship,Speaker,Attended,Zhi Hao Singh actively participated in the event.,
T4313801P,Interfaith Youth Dialogue 2025,2026-10-20,2026-10-20,Annual interfaith youth dialogue 2025 bringing together youth leaders from across Singapore.,"Ministry of Culture, Community and Youth (MCCY)",National Youth Council (NYC),Conference,Community Service,Panelist,No-Show,Ryan Tan actively participated in the event.,
S8997958P,Interfaith Youth Dialogue 2025,2026-10-20,2026-10-20,Annual interfaith youth dialogue 2025 bringing together youth leaders from across Singapore.,"Ministry of Culture, Community and Youth (MCCY)",National Youth Council (NYC),Community Service,Innovation & Technology,Speaker,Attended,Brandon Kumar actively participated in the event.,
S2961168L,Interfaith Youth Dialogue 2025,2026-10-20,2026-10-20,Annual interfaith youth dialogue 2025 bringing together youth leaders from across Singapore.,"Ministry of Culture, Community and Youth (MCCY)",People's Association (PA),Conference,Youth Mental Health,Speaker,No-Show,Muhammad Teo actively participated in the event.,
S1464695K,Interfaith Youth Dialogue 2025,2026-10-20,2026-10-20,Annual interfaith youth dialogue 2025 bringing together youth leaders from across Singapore.,"Ministry of Culture, Community and Youth (MCCY)",Ministry of Social and Family Development (MSF),Community Service,Digital Literacy,Organizer,Attended,Ananya Zhang actively participated in the event.,
T7766521W,Interfaith Youth Dialogue 2025,2026-10-20,2026-10-20,Annual interfaith youth dialogue 2025 bringing together youth leaders from across Singapore.,"Ministry of Culture, Community and Youth (MCCY)",Ministry of Education (MOE),Dialogue,Racial Harmony,Organizer,Attended,Michelle Ibrahim actively participated in the event.,