Full NRIC,Full Name,Case ID,Case Status,Race,Sex,Email Address,Mobile Number,Residential Status,Year of Birth,Name of Employer/Organisation,Designation,Data Consent,LinkedIn Handle,Write-up on the Individual,Reason for Nomination,Area(s) of Interest,Relationship Manager (RM) Details
S8479933T,Natalie Goh,CASE-0001,Nominated,Malay,Female,natalie@email.com,+6593254042,Singapore Citizen,1992,Grab,Social Worker,Yes,,Passionate about heritage conservation. Active in community development since 2008.,Nominated for outstanding contributions in innovation & technology.,Civic Participation; Racial Harmony,
S8225169B,Rachel Zhang,CASE-0002,Advocate,Malay,Female,rachel@email.com,+6598242016,Singapore Citizen,1997,NYP,Executive,Yes,,Passionate about civic participation. Active in community development since 2013.,Nominated for outstanding contributions in racial harmony.,Social Entrepreneurship,
S9333031Z,Sarah Rashid,CASE-0003,Champion,Malay,Female,sarah@email.com,+6589470531,Singapore Citizen,1992,,Executive,Yes,,Passionate about community service. Active in community development since 2008.,Nominated for outstanding contributions in digital literacy.,Youth Mental Health,
S6804364Y,Muhammad Chen,CASE-0004,Nominated,Chinese,Male,muhammad@email.com,+6595023574,Singapore Citizen,2003,Google,,No,,Passionate about sustainability. Active in community development since 2019.,Nominated for outstanding contributions in interfaith dialogue.,Youth Mental Health; Racial Harmony,
S1418447Q,Natalie Chua,CASE-0005,Champion,Chinese,Female,natalie@email.com,+6596808319,Singapore Citizen,1994,TP,Manager,No,,Passionate about racial harmony. Active in community development since 2010.,Nominated for outstanding contributions in sustainability.,Arts & Culture; Sports & Wellness; Interfaith Dialogue,
S3005603K,Ravi Tan,CASE-0006,Dormant,Indian,Male,ravi@email.com,+6591478896,Singapore Citizen,1996,NTU,Social Worker,Yes,,Passionate about heritage conservation. Active in community development since 2012.,Nominated for outstanding contributions in interfaith dialogue.,Youth Mental Health,
S9834086Z,Marcus Ong,CASE-0007,Active,Chinese,Male,marcus@email.com,+6582286374,Singapore Citizen,2000,SIT,Volunteer Coordinator,No,,Passionate about interfaith dialogue. Active in community development since 2016.,Nominated for outstanding contributions in social entrepreneurship.,Youth Mental Health; Climate Action,
S5542586A,Hui Min Teo,CASE-0008,Nominated,Indian,Female,huimin@email.com,+6592641481,Singapore Citizen,1996,Google,Volunteer Coordinator,Yes,,Passionate about volunteerism. Active in community development since 2012.,Nominated for outstanding contributions in sustainability.,Racial Harmony; Civic Participation,
T7766521W,Michelle Ibrahim,CASE-0009,Active,Malay,Female,michelle@email.com,+6597295105,Singapore Citizen,2000,SIT,Executive,Yes,,Passionate about heritage conservation. Active in community development since 2016.,Nominated for outstanding contributions in climate action.,Heritage Conservation,
T9391617E,Ahmad Abdullah,CASE-0010,Advocate,Indian,Male,ahmad@email.com,+6597812214,Singapore Citizen,1997,SMU,Manager,Yes,,Passionate about community service. Active in community development since 2013.,Nominated for outstanding contributions in youth mental health.,Innovation & Technology,
S2315266T,Siti Chen,CASE-0011,Champion,Malay,Female,siti@email.com,+6582356095,Singapore Citizen,1995,NUS,Social Worker,No,,Passionate about innovation & technology. Active in community development since 2011.,Nominated for outstanding contributions in digital literacy.,Civic Participation,
S1685270Q,Daniel Liu,CASE-0012,Nominated,Chinese,Male,daniel@email.com,+6587482698,Singapore Citizen,1991,NTU,Volunteer Coordinator,No,,Passionate about volunteerism. Active in community development since 2007.,Nominated for outstanding contributions in interfaith dialogue.,Community Service; Civic Participation,
S7360550Y,Rachel Ong,CASE-0013,Dormant,Chinese,Female,rachel@email.com,+6589405319,Singapore Citizen,1991,DBS,Volunteer Coordinator,Yes,,Passionate about heritage conservation. Active in community development since 2007.,Nominated for outstanding contributions in interfaith dialogue.,Youth Mental Health; Racial Harmony; Interfaith Dialogue,
S1055861A,Wei Jie Chua,CASE-0014,Active,Chinese,Male,weijie@email.com,+6596554736,Singapore Citizen,1991,SUTD,,Yes,,Passionate about volunteerism. Active in community development since 2007.,Nominated for outstanding contributions in racial harmony.,Heritage Conservation; Arts & Culture; Community Service,
S5214134M,Priya Kumar,CASE-0015,Active,Indian,Female,priya@email.com,+6590728100,Singapore Citizen,2000,NTU,Manager,No,,Passionate about innovation & technology. Active in community development since 2016.,Nominated for outstanding contributions in community service.,Youth Mental Health,
S3893891Q,Jasmine Lee,CASE-0016,Active,Chinese,Female,jasmine@email.com,+6591766972,Singapore Citizen,2002,Google,Social Worker,Yes,,Passionate about innovation & technology. Active in community development since 2018.,Nominated for outstanding contributions in sustainability.,Civic Participation,
S3957893H,Chloe Zhang,CASE-0017,Advocate,Indian,Female,chloe@email.com,+6590850907,Singapore Citizen,2004,NYP,Social Worker,Yes,,Passionate about digital literacy. Active in community development since 2020.,Nominated for outstanding contributions in sports & wellness.,Heritage Conservation,
S6783928K,Ethan Wong,CASE-0018,Champion,Eurasian,Male,ethan@email.com,+6590905635,Singapore Citizen,1997,DBS,,Yes,,Passionate about civic participation. Active in community development since 2013.,Nominated for outstanding contributions in sustainability.,Community Service,
T0228478W,Yi Xuan Koh,CASE-0019,Active,Chinese,Male,yixuan@email.com,+6582727404,Singapore Citizen,2005,Google,,Yes,,Passionate about racial harmony. Active in community development since 2021.,Nominated for outstanding contributions in interfaith dialogue.,Youth Mental Health,
S4246085K,Wei Jie Ng,CASE-0020,Active,Malay,Male,weijie@email.com,+6585511383,Singapore Citizen,1992,NYP,Manager,Yes,,Passionate about digital literacy. Active in community development since 2008.,Nominated for outstanding contributions in social entrepreneurship.,Innovation & Technology,
T0563437G,Brandon Tan,CASE-0021,Champion,Malay,Male,brandon@email.com,+6589428912,Singapore Citizen,1995,DBS,Manager,Yes,,Passionate about digital literacy. Active in community development since 2011.,Nominated for outstanding contributions in digital literacy.,Youth Mental Health,
S5646114F,Hui Min Kumar,CASE-0022,Active,Indian,Female,huimin@email.com,+6582264321,Singapore Citizen,1993,NTU,Social Worker,No,,Passionate about racial harmony. Active in community development since 2009.,Nominated for outstanding contributions in heritage conservation.,Sustainability,
S2068050F,Emily Lim,CASE-0023,Active,Indian,Female,emily@email.com,+6582218398,Singapore Citizen,1994,NYP,Manager,Yes,,Passionate about sports & wellness. Active in community development since 2010.,Nominated for outstanding contributions in racial harmony.,Youth Mental Health,
S1544399U,Ethan Nair,CASE-0024,Champion,Chinese,Male,ethan@email.com,+6586846958,Singapore Citizen,2001,NTU,Social Worker,Yes,,Passionate about volunteerism. Active in community development since 2017.,Nominated for outstanding contributions in innovation & technology.,Sustainability; Volunteerism,
T7973227B,Rachel Ng,CASE-0025,Active,Others,Female,rachel@email.com,+6589265639,Singapore Citizen,2002,NYP,Student,Yes,,Passionate about sustainability. Active in community development since 2018.,Nominated for outstanding contributions in social entrepreneurship.,Innovation & Technology; Volunteerism; Sustainability,
T9937694R,Arjun Liu,CASE-0026,Dormant,Chinese,Male,arjun@email.com,+6595591377,Singapore Citizen,1999,SIT,Student,Yes,,Passionate about youth mental health. Active in community development since 2015.,Nominated for outstanding contributions in digital literacy.,Innovation & Technology; Sports & Wellness; Digital Literacy,
S6801322R,Hui Min Teo,CASE-0027,Active,Eurasian,Female,huimin@email.com,+6592376131,Singapore Citizen,1997,SMU,Student,Yes,,Passionate about volunteerism. Active in community development since 2013.,Nominated for outstanding contributions in youth mental health.,Youth Mental Health; Climate Action,
S0251270U,Muhammad Nair,CASE-0028,Active,Indian,Male,muhammad@email.com,+6583953673,Singapore Citizen,1997,,Student,Yes,,Passionate about heritage conservation. Active in community development since 2013.,Nominated for outstanding contributions in racial harmony.,Community Service,
S5747180K,Ahmad Kumar,CASE-0029,Champion,Eurasian,Male,ahmad@email.com,+6589883320,Singapore Citizen,1992,,Student,Yes,,Passionate about youth mental health. Active in community development since 2008.,Nominated for outstanding contributions in heritage conservation.,Sports & Wellness; Arts & Culture; Climate Action,
T7356644C,Natalie Tan,CASE-0030,Active,Chinese,Female,natalie@email.com,+6581998041,Singapore Citizen,2005,TP,Volunteer Coordinator,Yes,,Passionate about innovation & technology. Active in community development since 2021.,Nominated for outstanding contributions in community service.,Volunteerism; Arts & Culture; Social Entrepreneurship,
S8408703U,Grace Liu,CASE-0031,Active,Malay,Female,grace@email.com,+6589102767,Singapore Citizen,1998,SMU,Manager,Yes,,Passionate about interfaith dialogue. Active in community development since 2014.,Nominated for outstanding contributions in innovation & technology.,Volunteerism,
S8186762E,Wei Jie Wang,CASE-0032,Active,Malay,Male,weijie@email.com,+6595695661,Singapore Citizen,2003,DBS,Social Worker,Yes,,Passionate about racial harmony. Active in community development since 2019.,Nominated for outstanding contributions in civic participation.,Interfaith Dialogue,
T0176332Q,Joshua Goh,CASE-0033,Dormant,Eurasian,Male,joshua@email.com,+6599012789,Singapore Citizen,2004,NUS,Manager,Yes,,Passionate about sports & wellness. Active in community development since 2020.,Nominated for outstanding contributions in community service.,Volunteerism; Interfaith Dialogue,
S8021911T,Rachel Rashid,CASE-0034,Active,Indian,Female,rachel@email.com,+6589328229,Singapore Citizen,2001,,Volunteer Coordinator,Yes,,Passionate about digital literacy. Active in community development since 2017.,Nominated for outstanding contributions in sustainability.,Interfaith Dialogue; Youth Mental Health,
S3005120K,Sarah Wang,CASE-0035,Nominated,Chinese,Female,sarah@email.com,+6595282417,Singapore Citizen,1995,SUTD,Social Worker,Yes,,Passionate about volunteerism. Active in community development since 2011.,Nominated for outstanding contributions in volunteerism.,Community Service; Interfaith Dialogue; Youth Mental Health,
S1464695K,Ananya Zhang,CASE-0036,Champion,Chinese,Female,ananya@email.com,+6584589757,Singapore Citizen,1996,,Student,No,,Passionate about civic participation. Active in community development since 2012.,Nominated for outstanding contributions in civic participation.,Climate Action; Youth Mental Health,
S8921016G,Ethan Singh,CASE-0037,Nominated,Malay,Male,ethan@email.com,+6581164735,Singapore Citizen,2001,DBS,Manager,Yes,,Passionate about heritage conservation. Active in community development since 2017.,Nominated for outstanding contributions in climate action.,Innovation & Technology; Community Service,
S9765144M,Muhammad Koh,CASE-0038,Nominated,Chinese,Male,muhammad@email.com,+6582617517,Singapore Citizen,1994,TP,Volunteer Coordinator,Yes,,Passionate about community service. Active in community development since 2010.,Nominated for outstanding contributions in youth mental health.,Civic Participation; Heritage Conservation; Interfaith Dialogue,
S4568682J,Joshua Ong,CASE-0039,Advocate,Eurasian,Male,joshua@email.com,+6592985641,Singapore Citizen,1999,TP,Manager,Yes,,Passionate about climate action. Active in community development since 2015.,Nominated for outstanding contributions in digital literacy.,Community Service; Digital Literacy,
S1816362G,Wei Jie Abdullah,CASE-0040,Active,Indian,Male,weijie@email.com,+6599770455,Singapore Citizen,1994,TP,Student,Yes,,Passionate about heritage conservation. Active in community development since 2010.,Nominated for outstanding contributions in sports & wellness.,Community Service; Youth Mental Health; Social Entrepreneurship,
S4648265M,Wei Jie Rashid,CASE-0041,Advocate,Indian,Male,weijie@email.com,+6596660954,Singapore Citizen,2001,DBS,Executive,Yes,,Passionate about heritage conservation. Active in community development since 2017.,Nominated for outstanding contributions in social entrepreneurship.,Civic Participation; Youth Mental Health,
S9480472L,Nurul Wang,CASE-0042,Active,Chinese,Female,nurul@email.com,+6591695351,Singapore Citizen,1997,SIT,Manager,Yes,,Passionate about social entrepreneurship. Active in community development since 2013.,Nominated for outstanding contributions in community service.,Digital Literacy; Youth Mental Health; Community Service,
T4313801P,Ryan Tan,CASE-0043,Active,Chinese,Male,ryan@email.com,+6590829974,Singapore Citizen,1997,NTU,Student,Yes,,Passionate about sustainability. Active in community development since 2013.,Nominated for outstanding contributions in innovation & technology.,Sustainability,
T4721110R,Joshua Ong,CASE-0044,Active,Eurasian,Male,joshua@email.com,+6590012507,Singapore Citizen,2003,SIT,Executive,No,,Passionate about youth mental health. Active in community development since 2019.,Nominated for outstanding contributions in arts & culture.,Sports & Wellness; Racial Harmony,
S6983368S,Chloe Goh,CASE-0045,Active,Chinese,Female,chloe@email.com,+6580886525,Singapore Citizen,1999,Google,Student,Yes,,Passionate about social entrepreneurship. Active in community development since 2015.,Nominated for outstanding contributions in innovation & technology.,Climate Action; Youth Mental Health; Heritage Conservation,
S8520611J,Kai Wen Ong,CASE-0046,Advocate,Chinese,Male,kaiwen@email.com,+6587872299,Singapore Citizen,1993,Google,,Yes,,Passionate about arts & culture. Active in community development since 2009.,Nominated for outstanding contributions in community service.,Sustainability; Sports & Wellness; Interfaith Dialogue,
S0940031Y,Yi Xuan Ibrahim,CASE-0047,Advocate,Chinese,Male,yixuan@email.com,+6584562421,Singapore Citizen,2003,NYP,Student,Yes,,Passionate about civic participation. Active in community development since 2019.,Nominated for outstanding contributions in youth mental health.,Sports & Wellness,
S2870458N,Daniel Rashid,CASE-0048,Active,Indian,Male,daniel@email.com,+6594166394,Singapore Citizen,1991,Google,Social Worker,Yes,,Passionate about youth mental health. Active in community development since 2007.,Nominated for outstanding contributions in volunteerism.,Racial Harmony; Community Service,
T3947639M,Ryan Wang,CASE-0049,Active,Chinese,Male,ryan@email.com,+6590967505,Singapore Citizen,1993,,Executive,Yes,,Passionate about innovation & technology. Active in community development since 2009.,Nominated for outstanding contributions in youth mental health.,Social Entrepreneurship,
S1023296D,Ryan Wong,CASE-0050,Champion,Eurasian,Male,ryan@email.com,+6585926008,Singapore Citizen,2004,SUTD,Volunteer Coordinator,Yes,,Passionate about volunteerism. Active in community development since 2020.,Nominated for outstanding contributions in volunteerism.,Digital Literacy,
S8255353K,Kai Wen Chen,CASE-0051,Active,Indian,Male,kaiwen@email.com,+6597745486,Singapore Citizen,2002,DBS,Volunteer Coordinator,Yes,,Passionate about interfaith dialogue. Active in community development since 2018.,Nominated for outstanding contributions in community service.,Innovation & Technology,
S2220724F,Brandon Lee,CASE-0052,Dormant,Others,Male,brandon@email.com,+6591864685,Singapore Citizen,1998,SIT,Volunteer Coordinator,Yes,,Passionate about arts & culture. Active in community development since 2014.,Nominated for outstanding contributions in civic participation.,Climate Action; Sustainability,
S7278498L,Chloe Ibrahim,CASE-0053,Active,Malay,Female,chloe@email.com,+6583627412,Singapore Citizen,1996,NYP,,Yes,,Passionate about innovation & technology. Active in community development since 2012.,Nominated for outstanding contributions in heritage conservation.,Social Entrepreneurship,
S7643307S,Wei Jie Nair,CASE-0054,Active,Others,Male,weijie@email.com,+6596163175,Singapore Citizen,1990,NYP,Social Worker,Yes,,Passionate about sustainability. Active in community development since 2006.,Nominated for outstanding contributions in interfaith dialogue.,Civic Participation,
S3981762C,Jun Wei Ong,CASE-0055,Active,Chinese,Male,junwei@email.com,+6586996169,Singapore Citizen,2004,,Social Worker,Yes,,Passionate about arts & culture. Active in community development since 2020.,Nominated for outstanding contributions in digital literacy.,Civic Participation; Climate Action,
S2464474B,Kai Wen Tan,CASE-0056,Active,Chinese,Male,kaiwen@email.com,+6585167046,Singapore Citizen,1995,TP,Volunteer Coordinator,No,,Passionate about community service. Active in community development since 2011.,Nominated for outstanding contributions in sports & wellness.,Racial Harmony; Digital Literacy; Heritage Conservation,
S3700338G,Ryan Lee,CASE-0057,Nominated,Chinese,Male,ryan@email.com,+6595038357,Singapore Citizen,2005,SUTD,Manager,No,,Passionate about volunteerism. Active in community development since 2021.,Nominated for outstanding contributions in civic participation.,Climate Action; Civic Participation,
T8334406M,Xin Yi Goh,CASE-0058,Dormant,Indian,Female,xinyi@email.com,+6591904239,Singapore Citizen,1997,NTU,Manager,No,,Passionate about social entrepreneurship. Active in community development since 2013.,Nominated for outstanding contributions in civic participation.,Innovation & Technology,
S9893881T,Ananya Abdullah,CASE-0059,Active,Chinese,Female,ananya@email.com,+6587565724,Singapore Citizen,2003,Google,Social Worker,Yes,,Passionate about interfaith dialogue. Active in community development since 2019.,Nominated for outstanding contributions in social entrepreneurship.,Racial Harmony; Digital Literacy; Volunteerism,
S0366020Y,Chloe Chen,CASE-0060,Dormant,Chinese,Female,chloe@email.com,+6599197581,Singapore Citizen,1995,,Executive,Yes,,Passionate about climate action. Active in community development since 2011.,Nominated for outstanding contributions in sports & wellness.,Youth Mental Health; Sports & Wellness,
T6654509M,Ahmad Nair,CASE-0061,Active,Others,Male,ahmad@email.com,+6584749795,Singapore Citizen,2003,TP,Volunteer Coordinator,Yes,,Passionate about civic participation. Active in community development since 2019.,Nominated for outstanding contributions in climate action.,Youth Mental Health,
S9267291S,Jun Wei Teo,CASE-0062,Active,Indian,Male,junwei@email.com,+6592733759,Singapore Citizen,1994,Google,,Yes,,Passionate about youth mental health. Active in community development since 2010.,Nominated for outstanding contributions in digital literacy.,Volunteerism,
S0279247E,Kai Wen Teo,CASE-0063,Advocate,Indian,Male,kaiwen@email.com,+6581978209,Singapore Citizen,2002,Grab,Social Worker,Yes,,Passionate about interfaith dialogue. Active in community development since 2018.,Nominated for outstanding contributions in civic participation.,Digital Literacy; Heritage Conservation; Social Entrepreneurship,
S4052625C,Hui Min Teo,CASE-0064,Active,Chinese,Female,huimin@email.com,+6596995523,Singapore Citizen,1999,SMU,Manager,No,,Passionate about community service. Active in community development since 2015.,Nominated for outstanding contributions in arts & culture.,Youth Mental Health; Climate Action,
S0080568Z,Zhi Hao Chua,CASE-0065,Active,Indian,Male,zhihao@email.com,+6594653426,Singapore Citizen,1996,NTU,Volunteer Coordinator,No,,Passionate about sustainability. Active in community development since 2012.,Nominated for outstanding contributions in community service.,Civic Participation,
S2876027R,Michelle Koh,CASE-0066,Active,Malay,Female,michelle@email.com,+6592226045,Singapore Citizen,1998,Grab,Volunteer Coordinator,No,,Passionate about heritage conservation. Active in community development since 2014.,Nominated for outstanding contributions in innovation & technology.,Social Entrepreneurship; Arts & Culture; Youth Mental Health,
S5942133Q,Ravi Kumar,CASE-0067,Champion,Chinese,Male,ravi@email.com,+6590583844,Singapore Citizen,1991,Google,Student,Yes,,Passionate about digital literacy. Active in community development since 2007.,Nominated for outstanding contributions in volunteerism.,Sustainability; Youth Mental Health; Interfaith Dialogue,
T7258643E,Brandon Ong,CASE-0068,Active,Others,Male,brandon@email.com,+6587864232,Singapore Citizen,1995,SMU,Student,Yes,,Passionate about heritage conservation. Active in community development since 2011.,Nominated for outstanding contributions in community service.,Civic Participation; Community Service,
S6297938K,Chloe Goh,CASE-0069,Champion,Others,Female,chloe@email.com,+6594567775,Singapore Citizen,1992,Grab,Manager,Yes,,Passionate about community service. Active in community development since 2008.,Nominated for outstanding contributions in interfaith dialogue.,Digital Literacy; Climate Action,
T7058346Q,Xin Yi Lee,CASE-0070,Dormant,Malay,Female,xinyi@email.com,+6596463011,Singapore Citizen,1995,NYP,Social Worker,Yes,,Passionate about volunteerism. Active in community development since 2011.,Nominated for outstanding contributions in youth mental health.,Digital Literacy; Climate Action,
S0749569Z,Jun Wei Chen,CASE-0071,Nominated,Malay,Male,junwei@email.com,+6585767481,Singapore Citizen,1997,DBS,,Yes,,Passionate about innovation & technology. Active in community development since 2013.,Nominated for outstanding contributions in civic participation.,Community Service; Social Entrepreneurship,
S1851004L,Emily Zhang,CASE-0072,Advocate,Chinese,Female,emily@email.com,+6588176549,Singapore Citizen,2002,SMU,Executive,Yes,,Passionate about climate action. Active in community development since 2018.,Nominated for outstanding contributions in innovation & technology.,Civic Participation; Racial Harmony; Arts & Culture,
S7621426J,Ethan Lee,CASE-0073,Nominated,Malay,Male,ethan@email.com,+6595204966,Singapore Citizen,1999,NUS,Executive,Yes,,Passionate about interfaith dialogue. Active in community development since 2015.,Nominated for outstanding contributions in digital literacy.,Arts & Culture; Digital Literacy,
T9615247F,Jun Wei Kumar,CASE-0074,Active,Malay,Male,junwei@email.com,+6582054153,Singapore Citizen,2002,TP,,Yes,,Passionate about innovation & technology. Active in community development since 2018.,Nominated for outstanding contributions in climate action.,Youth Mental Health; Social Entrepreneurship; Heritage Conservation,
S3190979F,Yi Xuan Chua,CASE-0075,Advocate,Indian,Male,yixuan@email.com,+6596251595,Singapore Citizen,1994,TP,Executive,Yes,,Passionate about climate action. Active in community development since 2010.,Nominated for outstanding contributions in social entrepreneurship.,Civic Participation,
T0412934R,Marcus Koh,CASE-0076,Active,Indian,Male,marcus@email.com,+6596311357,Singapore Citizen,2005,NTU,Student,No,,Passionate about heritage conservation. Active in community development since 2021.,Nominated for outstanding contributions in sports & wellness.,Sports & Wellness; Youth Mental Health,
S0541221J,Yi Xuan Rashid,CASE-0077,Dormant,Malay,Male,yixuan@email.com,+6591925839,Singapore Citizen,2002,NTU,Executive,Yes,,Passionate about civic participation. Active in community development since 2018.,Nominated for outstanding contributions in interfaith dialogue.,Racial Harmony,
S3132960R,Ananya Liu,CASE-0078,Dormant,Chinese,Female,ananya@email.com,+6597705558,Singapore Citizen,1995,DBS,Volunteer Coordinator,Yes,,Passionate about community service. Active in community development since 2011.,Nominated for outstanding contributions in youth mental health.,Civic Participation; Innovation & Technology,
S3875656U,Grace Koh,CASE-0079,Champion,Chinese,Female,grace@email.com,+6582906807,Singapore Citizen,2002,NTU,Student,Yes,,Passionate about civic participation. Active in community development since 2018.,Nominated for outstanding contributions in heritage conservation.,Community Service; Sports & Wellness,
S9089257C,Michelle Tan,CASE-0080,Advocate,Chinese,Female,michelle@email.com,+6584560810,Singapore Citizen,1999,Google,Volunteer Coordinator,No,,Passionate about volunteerism. Active in community development since 2015.,Nominated for outstanding contributions in arts & culture.,Youth Mental Health; Climate Action,
T9930891X,Jasmine Goh,CASE-0081,Active,Eurasian,Female,jasmine@email.com,+6596042192,Singapore Citizen,1998,NUS,Social Worker,Yes,,Passionate about volunteerism. Active in community development since 2014.,Nominated for outstanding contributions in interfaith dialogue.,Youth Mental Health,
S7864386W,Marcus Rashid,CASE-0082,Advocate,Chinese,Male,marcus@email.com,+6589182097,Singapore Citizen,1994,TP,Social Worker,Yes,,Passionate about civic participation. Active in community development since 2010.,Nominated for outstanding contributions in sports & wellness.,Civic Participation,
S8113783E,Kai Wen Nair,CASE-0083,Nominated,Chinese,Male,kaiwen@email.com,+6583787627,Singapore Citizen,2003,SUTD,,Yes,,Passionate about sports & wellness. Active in community development since 2019.,Nominated for outstanding contributions in sports & wellness.,Civic Participation,
T3067205T,Siti Nair,CASE-0084,Advocate,Indian,Female,siti@email.com,+6591946591,Singapore Citizen,1998,,Executive,Yes,,Passionate about civic participation. Active in community development since 2014.,Nominated for outstanding contributions in sustainability.,Social Entrepreneurship; Innovation & Technology,
S8255408U,Ethan Chen,CASE-0085,Active,Chinese,Male,ethan@email.com,+6589847885,Singapore Citizen,1998,Google,Volunteer Coordinator,Yes,,Passionate about arts & culture. Active in community development since 2014.,Nominated for outstanding contributions in interfaith dialogue.,Digital Literacy,
S8250056C,Rachel Wang,CASE-0086,Active,Indian,Female,rachel@email.com,+6591718311,Singapore Citizen,2003,Google,Manager,Yes,,Passionate about community service. Active in community development since 2019.,Nominated for outstanding contributions in youth mental health.,Racial Harmony; Sustainability; Community Service,
S3096082G,Sarah Liu,CASE-0087,Dormant,Chinese,Female,sarah@email.com,+6585448986,Singapore Citizen,1991,NTU,Student,Yes,,Passionate about racial harmony. Active in community development since 2007.,Nominated for outstanding contributions in digital literacy.,Community Service; Volunteerism,
T9143327Z,Xin Yi Wong,CASE-0088,Nominated,Malay,Female,xinyi@email.com,+6588610260,Singapore Citizen,1994,NUS,Executive,No,,Passionate about digital literacy. Active in community development since 2010.,Nominated for outstanding contributions in climate action.,Social Entrepreneurship; Youth Mental Health; Heritage Conservation,
S7369023H,Ethan Rashid,CASE-0089,Champion,Chinese,Male,ethan@email.com,+6587316507,Singapore Citizen,1998,,Social Worker,Yes,,Passionate about civic participation. Active in community development since 2014.,Nominated for outstanding contributions in social entrepreneurship.,Community Service; Social Entrepreneurship,
S3680360R,Kai Wen Teo,CASE-0090,Advocate,Malay,Male,kaiwen@email.com,+6591392328,Singapore Citizen,1998,,Student,No,,Passionate about digital literacy. Active in community development since 2014.,Nominated for outstanding contributions in arts & culture.,Community Service; Volunteerism,
S8672986J,Jia Ying Rashid,CASE-0091,Active,Chinese,Female,jiaying@email.com,+6580511290,Singapore Citizen,2003,SIT,,Yes,,Passionate about digital literacy. Active in community development since 2019.,Nominated for outstanding contributions in climate action.,Community Service,
S4782111X,Brandon Ong,CASE-0092,Nominated,Eurasian,Male,brandon@email.com,+6597241904,Singapore Citizen,1992,Grab,Student,Yes,,Passionate about social entrepreneurship. Active in community development since 2008.,Nominated for outstanding contributions in digital literacy.,Climate Action; Interfaith Dialogue; Racial Harmony,
S8821306B,Brandon Lim,CASE-0093,Nominated,Indian,Male,brandon@email.com,+6597590989,Singapore Citizen,1997,NUS,Student,Yes,,Passionate about civic participation. Active in community development since 2013.,Nominated for outstanding contributions in volunteerism.,Arts & Culture; Community Service; Digital Literacy,
S1300258Z,Ravi Nair,CASE-0094,Advocate,Chinese,Male,ravi@email.com,+6597745418,Singapore Citizen,2002,NYP,Social Worker,Yes,,Passionate about arts & culture. Active in community development since 2018.,Nominated for outstanding contributions in interfaith dialogue.,Civic Participation; Climate Action; Social Entrepreneurship,
S8874126P,Natalie Tan,CASE-0095,Active,Malay,Female,natalie@email.com,+6585259938,Singapore Citizen,2002,TP,Volunteer Coordinator,Yes,,Passionate about youth mental health. Active in community development since 2018.,Nominated for outstanding contributions in heritage conservation.,Sustainability; Youth Mental Health,
S1790438D,Jasmine Lim,CASE-0096,Active,Indian,Female,jasmine@email.com,+6589323409,Singapore Citizen,1993,DBS,,Yes,,Passionate about social entrepreneurship. Active in community development since 2009.,Nominated for outstanding contributions in interfaith dialogue.,Sports & Wellness; Sustainability; Climate Action,
T0240130L,Michelle Rashid,CASE-0097,Nominated,Indian,Female,michelle@email.com,+6596525016,Singapore Citizen,1998,SIT,Social Worker,Yes,,Passionate about climate action. Active in community development since 2014.,Nominated for outstanding contributions in climate action.,Community Service; Civic Participation,
S0185623P,Jasmine Ong,CASE-0098,Active,Chinese,Female,jasmine@email.com,+6580298540,Singapore Citizen,1995,SIT,Manager,Yes,,Passionate about heritage conservation. Active in community development since 2011.,Nominated for outstanding contributions in volunteerism.,Innovation & Technology; Youth Mental Health; Volunteerism,
T0703400Q,Ananya Rashid,CASE-0099,Active,Chinese,Female,ananya@email.com,+6589162912,Singapore Citizen,2002,DBS,Executive,Yes,,Passionate about community service. Active in community development since 2018.,Nominated for outstanding contributions in climate action.,Civic Participation; Volunteerism,
S8258851M,Ethan Chen,CASE-0100,Active,Eurasian,Male,ethan@email.com,+6599356764,Singapore Citizen,2002,Grab,Manager,Yes,,Passionate about innovation & technology. Active in community development since 2018.,Nominated for outstanding contributions in innovation & technology.,Community Service; Digital Literacy,
S5104967C,Priya Chua,CASE-0101,Active,Malay,Female,priya@email.com,+6598538201,Singapore Citizen,2004,Grab,,Yes,,Passionate about heritage conservation. Active in community development since 2020.,Nominated for outstanding contributions in sustainability.,Digital Literacy,
S7090566M,Grace Kumar,CASE-0102,Nominated,Indian,Female,grace@email.com,+6598637202,Singapore Citizen,2002,,Social Worker,Yes,,Passionate about volunteerism. Active in community development since 2018.,Nominated for outstanding contributions in social entrepreneurship.,Arts & Culture; Innovation & Technology,
S5426158Y,Hui Min Goh,CASE-0103,Active,Indian,Female,huimin@email.com,+6597355445,Singapore Citizen,2002,Google,Volunteer Coordinator,Yes,,Passionate about civic participation. Active in community development since 2018.,Nominated for outstanding contributions in sustainability.,Volunteerism,
T9336533F,Nurul Teo,CASE-0104,Active,Chinese,Female,nurul@email.com,+6592241923,Singapore Citizen,1990,NTU,,Yes,,Passionate about community service. Active in community development since 2006.,Nominated for outstanding contributions in community service.,Sports & Wellness; Volunteerism,
S6386526B,Zhi Hao Singh,CASE-0105,Nominated,Indian,Male,zhihao@email.com,+6597888530,Singapore Citizen,1997,,Volunteer Coordinator,Yes,,Passionate about youth mental health. Active in community development since 2013.,Nominated for outstanding contributions in community service.,Innovation & Technology; Digital Literacy,
S0075558D,Muhammad Wang,CASE-0106,Active,Malay,Male,muhammad@email.com,+6589103784,Singapore Citizen,2004,SIT,Executive,Yes,,Passionate about interfaith dialogue. Active in community development since 2020.,Nominated for outstanding contributions in innovation & technology.,Community Service; Sustainability,
S7707503W,Ananya Koh,CASE-0107,Active,Chinese,Female,ananya@email.com,+6596246202,Singapore Citizen,1990,NYP,Volunteer Coordinator,No,,Passionate about volunteerism. Active in community development since 2006.,Nominated for outstanding contributions in sustainability.,Interfaith Dialogue; Civic Participation; Community Service,
S6991074T,Kai Wen Singh,CASE-0108,Active,Chinese,Male,kaiwen@email.com,+6592235786,Singapore Citizen,1996,NUS,Volunteer Coordinator,Yes,,Passionate about sports & wellness. Active in community development since 2012.,Nominated for outstanding contributions in civic participation.,Arts & Culture; Innovation & Technology,
S7278300W,Kai Wen Chen,CASE-0109,Dormant,Malay,Male,kaiwen@email.com,+6588684009,Singapore Citizen,1991,NYP,Volunteer Coordinator,Yes,,Passionate about community service. Active in community development since 2007.,Nominated for outstanding contributions in youth mental health.,Interfaith Dialogue,
S5299728Z,Joshua Abdullah,CASE-0110,Nominated,Indian,Male,joshua@email.com,+6586268742,Singapore Citizen,1991,NTU,Manager,Yes,,Passionate about community service. Active in community development since 2007.,Nominated for outstanding contributions in civic participation.,Digital Literacy; Innovation & Technology; Heritage Conservation,
S6178258Y,Priya Koh,CASE-0111,Active,Eurasian,Female,priya@email.com,+6585129295,Singapore Citizen,1999,NYP,,Yes,,Passionate about digital literacy. Active in community development since 2015.,Nominated for outstanding contributions in volunteerism.,Climate Action,
T8116112L,Ananya Wong,CASE-0112,Dormant,Indian,Female,ananya@email.com,+6580269833,Singapore Citizen,1997,Google,,No,,Passionate about heritage conservation. Active in community development since 2013.,Nominated for outstanding contributions in youth mental health.,Youth Mental Health; Climate Action; Interfaith Dialogue,
S8086758E,Daniel Liu,CASE-0113,Advocate,Chinese,Male,daniel@email.com,+6583203373,Singapore Citizen,1998,TP,Executive,No,,Passionate about heritage conservation. Active in community development since 2014.,Nominated for outstanding contributions in volunteerism.,Innovation & Technology; Social Entrepreneurship; Arts & Culture,
S7461680X,Xin Yi Liu,CASE-0114,Dormant,Indian,Female,xinyi@email.com,+6585786295,Singapore Citizen,1999,Grab,Student,Yes,,Passionate about heritage conservation. Active in community development since 2015.,Nominated for outstanding contributions in community service.,Volunteerism,
S8997958P,Brandon Kumar,CASE-0115,Active,Chinese,Male,brandon@email.com,+6580314637,Singapore Citizen,1997,,,Yes,,Passionate about heritage conservation. Active in community development since 2013.,Nominated for outstanding contributions in sustainability.,Digital Literacy; Community Service; Social Entrepreneurship,
S7510491C,Ravi Kumar,CASE-0116,Active,Malay,Male,ravi@email.com,+6590014805,Singapore Citizen,1992,DBS,Manager,Yes,,Passionate about social entrepreneurship. Active in community development since 2008.,Nominated for outstanding contributions in civic participation.,Racial Harmony; Interfaith Dialogue,
S9482626C,Daniel Abdullah,CASE-0117,Active,Malay,Male,daniel@email.com,+6592165041,Singapore Citizen,2005,DBS,,Yes,,Passionate about sustainability. Active in community development since 2021.,Nominated for outstanding contributions in sustainability.,Volunteerism; Innovation & Technology; Social Entrepreneurship,
S6669890F,Brandon Wong,CASE-0118,Active,Malay,Male,brandon@email.com,+6587331387,Singapore Citizen,1994,NUS,Executive,No,,Passionate about social entrepreneurship. Active in community development since 2010.,Nominated for outstanding contributions in heritage conservation.,Sports & Wellness; Arts & Culture,
S8190448L,Wei Jie Kumar,CASE-0119,Active,Others,Male,weijie@email.com,+6583821792,Singapore Citizen,1991,SIT,Executive,Yes,,Passionate about innovation & technology. Active in community development since 2007.,Nominated for outstanding contributions in civic participation.,Arts & Culture; Innovation & Technology; Sports & Wellness,
S1261653M,Sarah Ng,CASE-0120,Nominated,Malay,Female,sarah@email.com,+6599815187,Singapore Citizen,2001,,Executive,No,,Passionate about interfaith dialogue. Active in community development since 2017.,Nominated for outstanding contributions in digital literacy.,Civic Participation,
T5494545G,Rachel Rashid,CASE-0121,Advocate,Eurasian,Female,rachel@email.com,+6587207636,Singapore Citizen,1995,Google,Volunteer Coordinator,Yes,,Passionate about innovation & technology. Active in community development since 2011.,Nominated for outstanding contributions in sports & wellness.,Civic Participation; Sports & Wellness; Innovation & Technology,
T3390232K,Ethan Lee,CASE-0122,Dormant,Chinese,Male,ethan@email.com,+6581202854,Singapore Citizen,1992,Grab,Social Worker,Yes,,Passionate about sustainability. Active in community development since 2008.,Nominated for outstanding contributions in civic participation.,Digital Literacy; Heritage Conservation,
S9229592Q,Brandon Tan,CASE-0123,Champion,Indian,Male,brandon@email.com,+6592686002,Singapore Citizen,2005,TP,Social Worker,Yes,,Passionate about sports & wellness. Active in community development since 2021.,Nominated for outstanding contributions in heritage conservation.,Social Entrepreneurship,
S6542992Y,Yi Xuan Liu,CASE-0124,Active,Chinese,Male,yixuan@email.com,+6594986778,Singapore Citizen,1994,,Manager,Yes,,Passionate about social entrepreneurship. Active in community development since 2010.,Nominated for outstanding contributions in racial harmony.,Sustainability,
S3603961Z,Xin Yi Kumar,CASE-0125,Active,Chinese,Female,xinyi@email.com,+6584639995,Singapore Citizen,1996,NTU,Student,No,,Passionate about interfaith dialogue. Active in community development since 2012.,Nominated for outstanding contributions in volunteerism.,Social Entrepreneurship; Climate Action,
S5401308M,Jun Wei Wong,CASE-0126,Advocate,Malay,Male,junwei@email.com,+6587149397,Singapore Citizen,1996,NYP,,Yes,,Passionate about innovation & technology. Active in community development since 2012.,Nominated for outstanding contributions in climate action.,Sports & Wellness; Digital Literacy; Climate Action,
T5430719F,Ryan Goh,CASE-0127,Nominated,Chinese,Male,ryan@email.com,+6588555356,Singapore Citizen,1991,NUS,Student,Yes,,Passionate about sustainability. Active in community development since 2007.,Nominated for outstanding contributions in innovation & technology.,Digital Literacy; Interfaith Dialogue; Climate Action,
S5182627Q,Ahmad Goh,CASE-0128,Champion,Chinese,Male,ahmad@email.com,+6595989962,Singapore Citizen,2002,NUS,Manager,Yes,,Passionate about climate action. Active in community development since 2018.,Nominated for outstanding contributions in interfaith dialogue.,Climate Action,
S5455349C,Natalie Ng,CASE-0129,Active,Chinese,Female,natalie@email.com,+6596518565,Singapore Citizen,1992,NYP,Executive,Yes,,Passionate about innovation & technology. Active in community development since 2008.,Nominated for outstanding contributions in volunteerism.,Racial Harmony; Volunteerism,
T1736911X,Rachel Wong,CASE-0130,Active,Chinese,Female,rachel@email.com,+6580583167,Singapore Citizen,1994,SUTD,Student,Yes,,Passionate about heritage conservation. Active in community development since 2010.,Nominated for outstanding contributions in community service.,Sustainability,
T3288196B,Ravi Tan,CASE-0131,Dormant,Chinese,Male,ravi@email.com,+6587656443,Singapore Citizen,1994,TP,Student,Yes,,Passionate about civic participation. Active in community development since 2010.,Nominated for outstanding contributions in innovation & technology.,Sports & Wellness; Arts & Culture,
S6570727U,Arjun Zhang,CASE-0132,Active,Others,Male,arjun@email.com,+6590569374,Singapore Citizen,2004,NYP,Manager,Yes,,Passionate about racial harmony. Active in community development since 2020.,Nominated for outstanding contributions in digital literacy.,Community Service; Social Entrepreneurship,
S8622965N,Xin Yi Kumar,CASE-0133,Active,Chinese,Female,xinyi@email.com,+6584684376,Singapore Citizen,1996,NUS,Social Worker,No,,Passionate about interfaith dialogue. Active in community development since 2012.,Nominated for outstanding contributions in heritage conservation.,Sustainability; Interfaith Dialogue,
S7174825Y,Wei Jie Lee,CASE-0134,Active,Chinese,Male,weijie@email.com,+6590318686,Singapore Citizen,2002,NUS,Social Worker,Yes,,Passionate about social entrepreneurship. Active in community development since 2018.,Nominated for outstanding contributions in sustainability.,Heritage Conservation,
S5764371W,Jasmine Wang,CASE-0135,Nominated,Eurasian,Female,jasmine@email.com,+6595915168,Singapore Citizen,1997,Grab,Manager,Yes,,Passionate about sustainability. Active in community development since 2013.,Nominated for outstanding contributions in youth mental health.,Community Service,
T3757861G,Ryan Kumar,CASE-0136,Champion,Indian,Male,ryan@email.com,+6588620016,Singapore Citizen,1990,NYP,Executive,Yes,,Passionate about climate action. Active in community development since 2006.,Nominated for outstanding contributions in heritage conservation.,Youth Mental Health,
S9867921B,Emily Ng,CASE-0137,Active,Indian,Female,emily@email.com,+6599605266,Singapore Citizen,2003,DBS,Student,Yes,,Passionate about arts & culture. Active in community development since 2019.,Nominated for outstanding contributions in climate action.,Digital Literacy,
S5157016C,Yi Xuan Zhang,CASE-0138,Active,Chinese,Male,yixuan@email.com,+6581191589,Singapore Citizen,2002,TP,Social Worker,Yes,,Passionate about arts & culture. Active in community development since 2018.,Nominated for outstanding contributions in social entrepreneurship.,Racial Harmony; Civic Participation; Digital Literacy,
T4525379Q,Wei Jie Ibrahim,CASE-0139,Active,Chinese,Male,weijie@email.com,+6585272452,Singapore Citizen,1992,DBS,Manager,Yes,,Passionate about community service. Active in community development since 2008.,Nominated for outstanding contributions in social entrepreneurship.,Youth Mental Health; Civic Participation; Sustainability,
S8965161Q,Wei Jie Singh,CASE-0140,Champion,Eurasian,Male,weijie@email.com,+6581207181,Singapore Citizen,1993,Google,Manager,Yes,,Passionate about volunteerism. Active in community development since 2009.,Nominated for outstanding contributions in youth mental health.,Community Service; Civic Participation; Climate Action,
S7475305G,Brandon Ong,CASE-0141,Active,Malay,Male,brandon@email.com,+6596855235,Singapore Citizen,2000,TP,Manager,Yes,,Passionate about interfaith dialogue. Active in community development since 2016.,Nominated for outstanding contributions in heritage conservation.,Sports & Wellness; Community Service; Digital Literacy,
T8473932W,Ethan Ng,CASE-0142,Active,Eurasian,Male,ethan@email.com,+6598466304,Singapore Citizen,2000,SIT,Social Worker,Yes,,Passionate about racial harmony. Active in community development since 2016.,Nominated for outstanding contributions in arts & culture.,Youth Mental Health,
S9909320A,Emily Ong,CASE-0143,Active,Others,Female,emily@email.com,+6584851561,Singapore Citizen,1991,Google,Executive,Yes,,Passionate about innovation & technology. Active in community development since 2007.,Nominated for outstanding contributions in civic participation.,Digital Literacy; Social Entrepreneurship,
S0160292F,Michelle Lee,CASE-0144,Advocate,Others,Female,michelle@email.com,+6590966363,Singapore Citizen,1992,NTU,Volunteer Coordinator,Yes,,Passionate about innovation & technology. Active in community development since 2008.,Nominated for outstanding contributions in interfaith dialogue.,Social Entrepreneurship; Arts & Culture; Interfaith Dialogue,
T2137044Z,Priya Lee,CASE-0145,Dormant,Malay,Female,priya@email.com,+6586845381,Singapore Citizen,2001,SUTD,Manager,Yes,,Passionate about sports & wellness. Active in community development since 2017.,Nominated for outstanding contributions in sports & wellness.,Sustainability; Heritage Conservation,
T0632317B,Jun Wei Tan,CASE-0146,Dormant,Malay,Male,junwei@email.com,+6589494955,Singapore Citizen,1995,Grab,,No,,Passionate about youth mental health. Active in community development since 2011.,Nominated for outstanding contributions in arts & culture.,Sustainability; Sports & Wellness; Heritage Conservation,
T7677327W,Brandon Koh,CASE-0147,Champion,Chinese,Male,brandon@email.com,+6594877514,Singapore Citizen,2002,Google,Student,Yes,,Passionate about community service. Active in community development since 2018.,Nominated for outstanding contributions in innovation & technology.,Interfaith Dialogue,
S1106844R,Chloe Wong,CASE-0148,Active,Indian,Female,chloe@email.com,+6582446938,Singapore Citizen,2003,,Volunteer Coordinator,Yes,,Passionate about social entrepreneurship. Active in community development since 2019.,Nominated for outstanding contributions in interfaith dialogue.,Youth Mental Health; Climate Action; Sports & Wellness,
S7936411J,Ethan Liu,CASE-0149,Nominated,Others,Male,ethan@email.com,+6584098185,Singapore Citizen,2001,SUTD,Manager,Yes,,Passionate about interfaith dialogue. Active in community development since 2017.,Nominated for outstanding contributions in digital literacy.,Youth Mental Health; Climate Action,
S3819753F,Marcus Singh,CASE-0150,Champion,Indian,Male,marcus@email.com,+6580807365,Singapore Citizen,1993,DBS,Manager,Yes,,Passionate about climate action. Active in community development since 2009.,Nominated for outstanding contributions in civic participation.,Youth Mental Health,
S3471547W,Ravi Koh,CASE-0151,Active,Chinese,Male,ravi@email.com,+6588672953,Singapore Citizen,1993,NUS,Volunteer Coordinator,Yes,,Passionate about youth mental health. Active in community development since 2009.,Nominated for outstanding contributions in volunteerism.,Sports & Wellness; Digital Literacy; Racial Harmony,
S7182046X,Siti Wong,CASE-0152,Nominated,Chinese,Female,siti@email.com,+6586045057,Singapore Citizen,1998,,,Yes,,Passionate about arts & culture. Active in community development since 2014.,Nominated for outstanding contributions in interfaith dialogue.,Heritage Conservation; Social Entrepreneurship,
S9867604G,Marcus Ibrahim,CASE-0153,Active,Indian,Male,marcus@email.com,+6596341410,Singapore Citizen,1991,Grab,Social Worker,Yes,,Passionate about youth mental health. Active in community development since 2007.,Nominated for outstanding contributions in interfaith dialogue.,Youth Mental Health,
T3252410D,Brandon Koh,CASE-0154,Nominated,Indian,Male,brandon@email.com,+6597007944,Singapore Citizen,1990,Grab,Volunteer Coordinator,No,,Passionate about sustainability. Active in community development since 2006.,Nominated for outstanding contributions in racial harmony.,Heritage Conservation; Climate Action,
S4864234L,Chloe Chen,CASE-0155,Advocate,Chinese,Female,chloe@email.com,+6588391205,Singapore Citizen,1993,SMU,,Yes,,Passionate about heritage conservation. Active in community development since 2009.,Nominated for outstanding contributions in arts & culture.,Youth Mental Health; Sports & Wellness; Civic Participation,
S5392232X,Emily Ong,CASE-0156,Nominated,Others,Female,emily@email.com,+6594624365,Singapore Citizen,2005,NUS,Executive,Yes,,Passionate about civic participation. Active in community development since 2021.,Nominated for outstanding contributions in heritage conservation.,Youth Mental Health,
T8283019G,Siti Liu,CASE-0157,Advocate,Eurasian,Female,siti@email.com,+6598032381,Singapore Citizen,1990,Grab,Volunteer Coordinator,Yes,,Passionate about community service. Active in community development since 2006.,Nominated for outstanding contributions in arts & culture.,Youth Mental Health,
S7843677L,Daniel Chen,CASE-0158,Active,Indian,Male,daniel@email.com,+6594885224,Singapore Citizen,1994,NUS,Volunteer Coordinator,No,,Passionate about digital literacy. Active in community development since 2010.,Nominated for outstanding contributions in climate action.,Innovation & Technology; Sustainability; Interfaith Dialogue,
T9848092Y,Michelle Liu,CASE-0159,Advocate,Chinese,Female,michelle@email.com,+6595935098,Singapore Citizen,2004,NTU,Volunteer Coordinator,Yes,,Passionate about digital literacy. Active in community development since 2020.,Nominated for outstanding contributions in interfaith dialogue.,Youth Mental Health; Innovation & Technology; Climate Action,
S0510484Z,Brandon Singh,CASE-0160,Advocate,Chinese,Male,brandon@email.com,+6592474060,Singapore Citizen,1993,TP,Manager,Yes,,Passionate about social entrepreneurship. Active in community development since 2009.,Nominated for outstanding contributions in community service.,Racial Harmony; Climate Action; Community Service,
S1766733M,Natalie Kumar,CASE-0161,Nominated,Chinese,Female,natalie@email.com,+6588758909,Singapore Citizen,1998,NYP,Executive,No,,Passionate about civic participation. Active in community development since 2014.,Nominated for outstanding contributions in sustainability.,Arts & Culture; Community Service; Heritage Conservation,
S2542333F,Marcus Goh,CASE-0162,Champion,Malay,Male,marcus@email.com,+6581480771,Singapore Citizen,1990,NYP,Manager,No,,Passionate about youth mental health. Active in community development since 2006.,Nominated for outstanding contributions in social entrepreneurship.,Innovation & Technology,
S4583494J,Nurul Lee,CASE-0163,Active,Indian,Female,nurul@email.com,+6581667349,Singapore Citizen,1999,SMU,Volunteer Coordinator,Yes,,Passionate about social entrepreneurship. Active in community development since 2015.,Nominated for outstanding contributions in interfaith dialogue.,Sports & Wellness,
T0921840A,Muhammad Chen,CASE-0164,Advocate,Indian,Male,muhammad@email.com,+6596981511,Singapore Citizen,1991,DBS,Executive,Yes,,Passionate about volunteerism. Active in community development since 2007.,Nominated for outstanding contributions in arts & culture.,Civic Participation,
S6530754W,Natalie Koh,CASE-0165,Dormant,Malay,Female,natalie@email.com,+6584202304,Singapore Citizen,2002,TP,Manager,Yes,,Passionate about digital literacy. Active in community development since 2018.,Nominated for outstanding contributions in sports & wellness.,Social Entrepreneurship,
T0420281C,Rachel Wang,CASE-0166,Dormant,Chinese,Female,rachel@email.com,+6596120421,Singapore Citizen,2005,NTU,,Yes,,Passionate about sustainability. Active in community development since 2021.,Nominated for outstanding contributions in climate action.,Sustainability; Digital Literacy; Volunteerism,
S5508169Q,Chloe Ng,CASE-0167,Active,Others,Female,chloe@email.com,+6591122114,Singapore Citizen,1991,,Manager,Yes,,Passionate about innovation & technology. Active in community development since 2007.,Nominated for outstanding contributions in interfaith dialogue.,Sustainability,
S6703941S,Jia Ying Nair,CASE-0168,Active,Indian,Female,jiaying@email.com,+6580109081,Singapore Citizen,1995,NYP,Student,Yes,,Passionate about community service. Active in community development since 2011.,Nominated for outstanding contributions in sustainability.,Arts & Culture,
S9370610W,Kai Wen Goh,CASE-0169,Active,Malay,Male,kaiwen@email.com,+6590596117,Singapore Citizen,1991,SIT,Social Worker,No,,Passionate about sustainability. Active in community development since 2007.,Nominated for outstanding contributions in youth mental health.,Interfaith Dialogue; Sports & Wellness; Sustainability,
T2857241X,Siti Ibrahim,CASE-0170,Active,Malay,Female,siti@email.com,+6583234212,Singapore Citizen,1992,Grab,Social Worker,Yes,,Passionate about arts & culture. Active in community development since 2008.,Nominated for outstanding contributions in heritage conservation.,Sustainability; Social Entrepreneurship; Heritage Conservation,
S5317218K,Ryan Liu,CASE-0171,Active,Indian,Male,ryan@email.com,+6581654998,Singapore Citizen,2005,SMU,Manager,Yes,,Passionate about social entrepreneurship. Active in community development since 2021.,Nominated for outstanding contributions in interfaith dialogue.,Civic Participation,
T6642749E,Natalie Wang,CASE-0172,Active,Chinese,Female,natalie@email.com,+6587129756,Singapore Citizen,1995,SUTD,Executive,Yes,,Passionate about civic participation. Active in community development since 2011.,Nominated for outstanding contributions in civic participation.,Social Entrepreneurship; Sports & Wellness; Sustainability,
S8578606X,Chloe Chen,CASE-0173,Champion,Indian,Female,chloe@email.com,+6583395100,Singapore Citizen,2003,Google,Manager,Yes,,Passionate about sustainability. Active in community development since 2019.,Nominated for outstanding contributions in community service.,Sports & Wellness; Heritage Conservation; Arts & Culture,
T4609067F,Rachel Tan,CASE-0174,Nominated,Indian,Female,rachel@email.com,+6587888686,Singapore Citizen,2003,DBS,Volunteer Coordinator,Yes,,Passionate about racial harmony. Active in community development since 2019.,Nominated for outstanding contributions in social entrepreneurship.,Arts & Culture; Racial Harmony; Climate Action,
S9316632Z,Wei Jie Singh,CASE-0175,Active,Malay,Male,weijie@email.com,+6599162359,Singapore Citizen,2000,NTU,Executive,Yes,,Passionate about civic participation. Active in community development since 2016.,Nominated for outstanding contributions in climate action.,Heritage Conservation,
S9707665K,Marcus Ng,CASE-0176,Advocate,Malay,Male,marcus@email.com,+6589378832,Singapore Citizen,1991,NTU,Volunteer Coordinator,Yes,,Passionate about civic participation. Active in community development since 2007.,Nominated for outstanding contributions in civic participation.,Community Service; Youth Mental Health; Innovation & Technology,
T4955929E,Joshua Kumar,CASE-0177,Dormant,Malay,Male,joshua@email.com,+6589225335,Singapore Citizen,1999,NYP,Manager,Yes,,Passionate about community service. Active in community development since 2015.,Nominated for outstanding contributions in civic participation.,Youth Mental Health; Interfaith Dialogue,
S6644584Z,Michelle Lim,CASE-0178,Active,Indian,Female,michelle@email.com,+6596752802,Singapore Citizen,1996,SUTD,Student,Yes,,Passionate about youth mental health. Active in community development since 2012.,Nominated for outstanding contributions in youth mental health.,Community Service,
S2372311Z,Wei Jie Chua,CASE-0179,Active,Others,Male,weijie@email.com,+6584717621,Singapore Citizen,2000,SMU,Executive,Yes,,Passionate about volunteerism. Active in community development since 2016.,Nominated for outstanding contributions in community service.,Youth Mental Health; Heritage Conservation,
T2217720Q,Marcus Abdullah,CASE-0180,Dormant,Chinese,Male,marcus@email.com,+6591117348,Singapore Citizen,2004,Grab,Social Worker,Yes,,Passionate about heritage conservation. Active in community development since 2020.,Nominated for outstanding contributions in heritage conservation.,Community Service; Racial Harmony; Digital Literacy,
S6486691B,Jia Ying Wong,CASE-0181,Dormant,Chinese,Female,jiaying@email.com,+6584410641,Singapore Citizen,1991,Google,Manager,No,,Passionate about community service. Active in community development since 2007.,Nominated for outstanding contributions in racial harmony.,Sustainability; Community Service,
S1228898J,Xin Yi Lee,CASE-0182,Active,Chinese,Female,xinyi@email.com,+6580702992,Singapore Citizen,1992,NTU,Executive,Yes,,Passionate about civic participation. Active in community development since 2008.,Nominated for outstanding contributions in community service.,Innovation & Technology; Youth Mental Health,
S6577076W,Siti Ibrahim,CASE-0183,Champion,Others,Female,siti@email.com,+6599318895,Singapore Citizen,1996,,Student,No,,Passionate about sports & wellness. Active in community development since 2012.,Nominated for outstanding contributions in interfaith dialogue.,Interfaith Dialogue; Arts & Culture,
S2961168L,Muhammad Teo,CASE-0184,Active,Chinese,Male,muhammad@email.com,+6590476099,Singapore Citizen,1990,Grab,Executive,Yes,,Passionate about sustainability. Active in community development since 2006.,Nominated for outstanding contributions in sports & wellness.,Volunteerism; Civic Participation,
S3227308T,Chloe Liu,CASE-0185,Nominated,Malay,Female,chloe@email.com,+6581561313,Singapore Citizen,1992,,Volunteer Coordinator,Yes,,Passionate about interfaith dialogue. Active in community development since 2008.,Nominated for outstanding contributions in social entrepreneurship.,Interfaith Dialogue,
S5113955X,Michelle Abdullah,CASE-0186,Active,Malay,Female,michelle@email.com,+6591663207,Singapore Citizen,1992,DBS,Executive,Yes,,Passionate about arts & culture. Active in community development since 2008.,Nominated for outstanding contributions in interfaith dialogue.,Climate Action; Community Service,
S3380498E,Kai Wen Abdullah,CASE-0187,Active,Malay,Male,kaiwen@email.com,+6581833570,Singapore Citizen,1997,NUS,,Yes,,Passionate about community service. Active in community development since 2013.,Nominated for outstanding contributions in innovation & technology.,Racial Harmony,
S3742044P,Rachel Wang,CASE-0188,Active,Malay,Female,rachel@email.com,+6590464761,Singapore Citizen,2003,NUS,Volunteer Coordinator,Yes,,Passionate about civic participation. Active in community development since 2019.,Nominated for outstanding contributions in sports & wellness.,Civic Participation,
T4514010H,Ananya Goh,CASE-0189,Dormant,Chinese,Female,ananya@email.com,+6588453519,Singapore Citizen,2001,DBS,Social Worker,Yes,,Passionate about heritage conservation. Active in community development since 2017.,Nominated for outstanding contributions in digital literacy.,Community Service; Arts & Culture; Sustainability,
S6483697X,Natalie Singh,CASE-0190,Champion,Eurasian,Female,natalie@email.com,+6593405353,Singapore Citizen,2003,Grab,Manager,Yes,,Passionate about civic participation. Active in community development since 2019.,Nominated for outstanding contributions in arts & culture.,Sustainability,
S9033896C,Jia Ying Singh,CASE-0191,Active,Indian,Female,jiaying@email.com,+6583274175,Singapore Citizen,1999,,Student,Yes,,Passionate about climate action. Active in community development since 2015.,Nominated for outstanding contributions in community service.,Community Service; Youth Mental Health; Volunteerism,
S8617354P,Chloe Goh,CASE-0192,Active,Chinese,Female,chloe@email.com,+6581054971,Singapore Citizen,2000,,,Yes,,Passionate about social entrepreneurship. Active in community development since 2016.,Nominated for outstanding contributions in social entrepreneurship.,Arts & Culture; Youth Mental Health,
S4774615Z,Joshua Ong,CASE-0193,Dormant,Others,Male,joshua@email.com,+6588559847,Singapore Citizen,2003,Grab,Volunteer Coordinator,Yes,,Passionate about sustainability. Active in community development since 2019.,Nominated for outstanding contributions in community service.,Community Service; Youth Mental Health; Volunteerism,
T1277555X,Brandon Ong,CASE-0194,Advocate,Chinese,Male,brandon@email.com,+6598904663,Singapore Citizen,2000,NTU,Manager,Yes,,Passionate about racial harmony. Active in community development since 2016.,Nominated for outstanding contributions in civic participation.,Youth Mental Health; Climate Action; Interfaith Dialogue,
S6500759S,Chloe Tan,CASE-0195,Active,Eurasian,Female,chloe@email.com,+6580502594,Singapore Citizen,1993,TP,Manager,Yes,,Passionate about community service. Active in community development since 2009.,Nominated for outstanding contributions in youth mental health.,Social Entrepreneurship,
S8667491L,Ravi Koh,CASE-0196,Active,Chinese,Male,ravi@email.com,+6588099966,Singapore Citizen,2004,SMU,Social Worker,Yes,,Passionate about innovation & technology. Active in community development since 2020.,Nominated for outstanding contributions in volunteerism.,Civic Participation; Youth Mental Health; Climate Action,
T9991205F,Michelle Ong,CASE-0197,Active,Chinese,Female,michelle@email.com,+6582049244,Singapore Citizen,1991,NYP,Manager,Yes,,Passionate about social entrepreneurship. Active in community development since 2007.,Nominated for outstanding contributions in youth mental health.,Climate Action; Youth Mental Health; Arts & Culture,
T1219455U,Chloe Goh,CASE-0198,Nominated,Chinese,Female,chloe@email.com,+6594533984,Singapore Citizen,1994,Grab,,No,,Passionate about climate action. Active in community development since 2010.,Nominated for outstanding contributions in youth mental health.,Community Service,
T5478684R,Sarah Ng,CASE-0199,Advocate,Chinese,Female,sarah@email.com,+6599209875,Singapore Citizen,2001,DBS,Manager,Yes,,Passionate about sports & wellness. Active in community development since 2017.,Nominated for outstanding contributions in sports & wellness.,Heritage Conservation; Youth Mental Health,
S0501277R,Ethan Wang,CASE-0200,Advocate,Eurasian,Male,ethan@email.com,+6584987366,Singapore Citizen,2005,Grab,Student,Yes,,Passionate about arts & culture. Active in community development since 2021.,Nominated for outstanding contributions in social entrepreneurship.,Innovation & Technology; Interfaith Dialogue,